node_id,betweenness_centrality
13,2.1847704024784035e-07
7596,0.0
11196,0.0
19170,0.0
14,0.0
14171,0.0
22,0.0014405240340163055
106,0.0018197817982002105
11183,0.0
15793,0.0010741434328105067
19440,0.0003026635264233415
22618,0.00028313502404381116
25043,0.000498596318075128
24,0.0003026635264233415
3858,0.0010575381133196711
15774,0.0
19517,0.003579341076121641
23161,0.0010575381133196711
25,0.0
22891,0.0
26,0.0
1407,7.891334691106636e-05
4550,0.006800148112347796
11801,0.0020910957989402654
13096,0.016678777547235624
13142,0.015866724681162788
27,0.0
11114,0.0
19081,0.0
24726,0.0
25540,0.0015121524212353857
28,0.0
7916,1.456513601652269e-07
29,0.0
20243,0.0006052542271666004
45,0.0009267017419251132
570,0.0027873274704603703
773,0.0009483448364635305
1186,0.000996030310392707
1653,0.0025734742208833963
2212,9.893097868504284e-05
2741,0.00586602707623463
2952,1.399476262181829e-07
3372,7.05352058320698e-05
4164,0.004333803250490196
4180,0.0017960717941312584
4511,9.426367357832743e-05
4513,0.0
6179,0.00030280347404955973
6610,0.01276651377177251
6830,1.399476262181829e-07
7956,0.0011972359804286639
8879,1.399476262181829e-07
9785,0.0072552229956322845
11241,0.0012225593761091026
11472,1.399476262181829e-07
12365,0.011229341740389287
12496,0.0007881354821720427
12679,0.0
12781,0.005889087194593488
12851,1.399476262181829e-07
14540,0.000372501979692953
14807,0.002971851996460371
15003,0.00332911836740679
15659,1.399476262181829e-07
17655,0.01799856257605201
17692,1.399476262181829e-07
18719,0.0013542185955516793
18866,0.015078846490880036
18894,0.0012060858834423455
19423,0.007094528546458995
19961,1.399476262181829e-07
20108,1.399476262181829e-07
20562,1.399476262181829e-07
20635,9.998365937120965e-05
21012,0.011649259343478678
21281,0.009642729137752071
21508,0.0032279848151700974
21847,7.127178031609546e-05
22691,0.009776640777035208
22887,0.0011262132356773167
23293,0.0070873432530772495
24955,0.00046988165551791296
25346,0.0021203815367876865
25758,0.008297347514177354
46,0.0
62,0.0019907347699761485
2710,0.022354920330838222
6575,0.002257255643407773
7579,0.0
13190,0.006677474100559842
16148,0.01573869864694476
23751,0.0001814147960673329
25469,0.0007684813533561545
65,0.0005232896728140251
357,0.0
358,0.0
11609,0.0007853068801559558
22100,0.0024731931994306463
23300,0.0
24960,0.0
25777,0.0007816258220217646
70,0.0
4727,0.0006052542271666004
15559,0.0018143789935782316
71,0.0
3316,0.0003026635264233415
74,0.0
2298,0.0
16129,0.0
75,0.0
17245,0.0014101698687948943
78,0.0002497243566580851
8254,0.0024755782424529782
8862,0.0008658396717129574
12155,0.0
17379,0.00345808110517597
80,0.0
8742,6.505306453495313e-05
11733,0.0014820702708866745
81,0.0
5287,0.0017544494094906735
20000,0.0007340061213966822
82,0.0
3844,0.0
85,0.0
18171,7.282568008261345e-08
88,2.300799296661185e-05
1995,2.300799296661185e-05
2338,2.300799296661185e-05
2449,0.0008008903954573597
2530,2.300799296661185e-05
2535,2.300799296661185e-05
4355,0.0
4755,2.300799296661185e-05
5210,0.0
6340,2.300799296661185e-05
6512,0.0017815080773599683
7197,2.300799296661185e-05
7444,0.0009503359117929924
7635,2.300799296661185e-05
8727,0.0
9313,0.0
9656,2.300799296661185e-05
9869,1.891428124323637e-05
10350,0.0006802534297766807
12507,2.300799296661185e-05
12710,0.0
14648,0.0
14766,2.300799296661185e-05
15010,2.300799296661185e-05
15244,0.009304796099478206
15245,0.0
15457,2.6217244829740847e-08
15933,1.891428124323637e-05
16654,2.300799296661185e-05
17807,2.300799296661185e-05
18225,2.300799296661185e-05
18453,0.001585663312961678
18778,0.0009911861013723283
19114,0.0
19446,0.0
19645,2.300799296661185e-05
19939,2.300799296661185e-05
20574,0.0014562235702457174
20576,1.891428124323637e-05
21178,0.0
22504,0.0
23712,2.6217244829740847e-08
24718,0.0018906116105913734
93,0.0003551358052329788
4018,0.0
16608,0.0
17419,0.0031399767029493242
20328,0.0017161796442138617
21621,0.00020438574360890187
95,0.0003026635264233415
3048,0.0012531281531902526
15524,0.0
97,0.0
161,3.6412840041306725e-07
19583,0.0
98,0.0
12248,0.0
113,0.0003026635264233415
2155,0.0035377161806238416
3383,0.0
13346,0.005355826831687297
25172,0.0027386827717395088
114,0.0
5597,0.0024199708634758585
115,0.0
5268,0.0
10679,1.456513601652269e-07
122,0.0011464770209134215
851,0.0013873499777225732
4825,0.000907699276549694
6911,0.0
9593,0.0003026635264233415
13520,0.006309245411789856
15250,0.0
15589,0.0
16921,0.0006580672468297938
123,0.0
124,0.0
7307,0.013010020798389423
14181,0.005034896153811911
128,7.176962274974367e-05
3113,0.004174600306946113
6920,0.0
8198,0.00010647314991702081
16877,0.0
135,0.0016546091805436241
1776,0.0
3916,0.00022107120980341578
4102,0.0002271153231428876
6408,0.0020239449225101236
9889,0.007602696295611464
12311,1.3819122840921267e-05
12675,0.0010034553606689928
14599,0.0254884180545112
15816,0.0
19945,4.695157253290616e-06
26176,1.241178551730845e-05
140,0.0005436614710202782
17304,0.0
18587,0.0
19404,0.00036809696726788704
22462,0.0003143507348408476
23986,0.0018109084419275876
24122,0.0
141,0.0
8408,0.0004114250910286854
14102,0.001140924459348169
17286,0.0
17443,0.00048624512853444714
142,0.0
16886,1.456513601652269e-07
18626,0.0
3105,0.0
11418,0.0
163,0.0
15528,0.0006051814014865179
164,0.0
11318,0.0011952438881875508
17124,1.6046525070909568e-05
165,0.0
3804,0.006701055798507583
17194,0.0009075536251895288
178,0.0008810713074563209
1000,0.014557727669853604
1248,0.00015601681301382847
9800,0.0005383124941459505
10130,0.006223297716230591
12701,0.0
18879,0.0
20641,0.0
23363,0.00041765846014865356
179,0.0
19675,0.00025407601905095265
20062,8.505958079781078e-05
23614,0.01137945480353508
183,0.0
5194,0.000970876965700605
185,0.0
215,0.0
351,0.0
1074,0.0
1858,0.0
3939,0.001957470535416011
4512,0.0
6892,0.0
8280,0.0
14542,0.0
17751,0.0
18095,0.0
18143,0.0
18649,0.0
18943,0.0
19573,0.0
22601,0.003479130117803925
22793,0.0
187,0.0
1821,0.0
21386,0.0
188,0.0
17461,0.0
22920,0.0
192,0.0006320389800171119
677,0.0
1023,0.0031559867208632826
4426,0.0
8122,0.0006851102695920505
193,0.0
10819,0.0
22917,0.0030815644877021883
23038,0.01590384197896569
23114,0.004267711863275149
194,0.0
8628,0.0
195,0.0
20100,0.004486447248324968
20119,0.00023177045556103032
22366,0.0054954421826921345
197,0.0
7510,0.0
8851,0.0028637626981665634
199,0.0
13702,0.0003551680495484029
17874,0.0006281942673031007
200,0.0
492,0.0
6708,0.0
7013,0.0015467585619461264
8151,0.0
9020,0.0
9021,0.0
9208,0.0
9471,0.006074677915025014
9722,0.0
16882,0.0
17022,0.0
19586,0.0
19678,0.0
24861,0.0
205,0.0014212495307136424
3716,0.0021973774590058684
8391,1.4901318415095309e-06
13614,0.005617900762692935
23708,0.012825901196100612
24101,3.05997994702105e-05
24385,0.0003526887218469082
214,0.0013669410379257496
10590,0.0009921902010135719
13989,0.003611729886861926
18757,0.0019452306179646634
19161,0.0003026635264233415
21831,0.0
231,0.007720442165076539
345,0.0002539330362110659
1841,0.0
2450,0.0
2980,0.0010907667908417594
2982,0.0
5578,0.0
6774,0.002206323066472883
8503,0.0025748666955479694
8589,8.566404871326211e-05
9482,0.004181251127424159
12503,1.0963573886660358e-05
14924,0.01139134516583726
15538,0.0024530252105556577
16611,0.0
16994,0.010850001478642889
18543,0.0015252874220530572
20850,0.002580968390944058
22457,0.012548679272282526
22937,0.000833631206523089
23452,0.0012091767616142584
24001,0.0004293278052275053
24841,0.0021165327402409948
25228,0.0
232,0.0
12587,0.005396734596426518
238,0.0006051814014865177
8442,0.0
10412,0.0
16543,0.0016831117487200774
16563,2.1847704024784035e-07
244,0.00021347335524020901
1353,1.2910168420205916e-05
3286,0.0
4765,0.00062683098600101
14952,0.00309563693937085
16900,0.0
18030,0.0010627479424818358
22246,0.0
245,0.0
15144,0.004472264529472033
16976,0.0015895113039807451
252,0.0
8298,0.0016419712172575163
253,0.0
4634,0.0
5363,0.0003026635264233415
21051,0.0012097801975323747
254,0.0
7572,0.0
260,0.0011909696434938826
5794,3.4930058082729654e-06
13318,0.0013983311481918477
21910,0.00600806408169616
267,3.6412840041306725e-08
8301,0.0
13153,0.0001511375613981171
24240,0.0007615305660755436
269,0.0
1217,0.006709166249470879
9974,0.0003026635264233415
25648,4.823891789700352e-05
272,1.456513601652269e-08
2912,0.0047309960177047035
11811,1.456513601652269e-08
11840,1.456513601652269e-08
15300,0.004266718345929123
19012,0.0
20305,0.0
281,0.001095670305218925
1404,0.0
2562,0.0
11199,0.0
15477,0.00654263384485624
18552,0.0
20567,0.003229186341105406
23529,0.0013890727550666022
24032,0.0
283,0.0
15959,0.0024906339771765726
24009,0.0015128632523286126
284,0.0
6427,0.0015124437239557162
293,0.0
6556,0.0003026635264233415
294,0.0
8626,0.0
299,0.00053824420172253
14174,0.0
18746,0.0
22051,0.0002452804057654664
22075,0.0
24713,0.001706101310756008
302,0.0
11490,0.000907699276549694
13008,0.004798722201830205
309,5.704678273138052e-07
9591,3.447082190577037e-06
10677,0.0
17015,1.1409356546276107e-06
17453,4.4909169384278297e-07
20560,0.0
312,0.0
15395,0.0018458526105994749
21149,3.6412840041306725e-08
315,0.0
21297,0.0003026635264233415
320,1.8506066256664572e-05
1594,0.0011841511654119689
5602,0.0
6024,0.0
15108,0.009114471661889176
17464,0.0
18042,1.0923852012392017e-07
321,0.0
6857,0.0023108851801931724
19059,0.0015141888176805497
339,0.004852124361128849
2250,0.0
2654,0.016996854422843485
3032,0.002343381421491292
3310,0.005481697422857889
3730,4.72887274688585e-05
4743,0.004861959267627114
4748,0.00010544566813918424
5621,0.001064725931268073
6700,0.006798598527502207
7717,0.0
9713,0.0
9755,0.00469825103518008
11015,0.0018611070749264655
11026,0.0009820335339755656
11868,0.00014546093191259804
13714,0.0
14767,0.0
17414,0.002057963886486113
17439,0.0029151642214889826
17603,8.462565505542249e-05
18971,0.0
19216,0.0
19640,0.007180519085070426
20511,0.010760055089917734
20534,0.0
21321,0.00015823494136965125
22376,0.0
24295,0.0
25205,0.0
25396,0.003084861080517106
676,0.009826090448216957
11785,0.00994683128583831
19954,6.819146338060098e-05
348,0.0
5660,0.0
15847,0.0
350,0.0
951,0.0
25676,0.0
352,0.0
17228,0.004228135123227567
21943,0.002026567944384424
23513,2.4275226694204483e-08
360,0.0
2304,0.0
7602,0.0
8307,0.0
364,0.00013184337831946517
10391,0.0
15214,1.885202860652967e-05
17359,0.0017352814796100856
21650,0.0011133111382955595
365,0.0
14552,0.0
15585,0.0
18579,0.0017006887160034483
369,0.00010087570452777446
2073,0.0
6183,0.0015118853937417494
7727,0.0
16433,0.00010087570452777446
16570,0.0001008150164610389
372,0.0
14131,0.0
373,0.0
21579,0.0
374,0.0
15706,7.282568008261345e-08
375,0.0
10268,0.0014828608916623435
376,0.0
2611,1.8206420020653362e-07
16620,7.282568008261345e-08
379,0.00022220514033974197
3909,0.005536386453695948
6524,0.0021629459294392433
380,0.0
19996,0.0
20078,0.0
21401,0.0009075536251895287
385,7.260169224779247e-05
1606,4.2619038562027486e-05
6264,0.009981667700693638
7985,0.006766201769557113
12849,0.0
14377,0.0
15850,0.00026170105722498477
392,0.0
14265,0.019731058737430848
396,0.0007534956658860807
4469,0.0
7098,0.00037851414728121797
400,0.0
2072,0.004922268490030712
403,0.0
13364,0.0006705985162134131
408,0.0003026635264233415
13834,0.0
17149,0.0033240553416908083
409,0.0
6746,0.0
13813,0.004170515986156324
19204,0.0009414640036374414
410,0.0
4366,0.0
414,0.0
19974,0.0009861143885020501
449,0.006260877738027825
500,0.00032063556145207813
2085,0.00015226580229079967
2568,4.8550453388408966e-08
3099,0.00015890439441847094
3547,0.007473955728391299
4468,0.0
4631,0.0
7091,0.0
9892,0.0
10358,0.0
10458,0.0003026635264233415
10615,0.00015649346541701635
11011,1.2137613347102242e-07
12074,7.759991327928943e-05
13469,0.003751225075843829
13971,0.0
14079,0.0
14707,0.00028320075868074664
16754,9.515832331333891e-05
18783,0.0
19612,9.515832331333891e-05
20552,7.282568008261345e-08
20553,0.0
21032,0.0
22876,0.0039291063081781175
23355,0.0003026635264233415
24454,0.0
25086,8.010824809087478e-07
25180,0.0
25785,0.0
450,0.0
8666,0.0036816713931354045
482,0.003555200616035063
939,0.0
1172,0.0018147098749346023
1834,0.0
5056,0.0
5934,0.005210948649931244
13664,0.0006051814014865177
14037,0.0
15066,0.003724761490421686
16469,0.0018684374417574606
16940,0.0
19613,0.0
20424,0.0
21048,0.002071234859485035
491,0.0009004630872143064
1124,0.0008578136103678226
1818,0.0
4552,0.0007008786586185959
5739,0.0
6823,0.0035740842060634354
7882,0.0005575033318379679
13328,0.0009399832415502486
17039,0.0
17082,0.0017280367716762037
22028,0.0003026635264233415
23454,0.0
495,0.0
1854,0.0010775207556511796
2846,0.004992089528666218
9458,0.0001158790410420804
17968,0.00046515231138936946
510,0.0
11502,0.0004968803371809521
24210,0.00012753913506864033
523,0.0003026635264233415
8701,0.002764014323490288
20550,0.0
543,0.004318888167786466
1958,0.006245651141326024
2193,8.629872409448724e-06
3501,0.006965201536297225
4458,8.618008192990847e-05
5547,0.0
5659,0.0
5812,0.0001786419178789127
6434,0.0006823198018961099
7883,0.0
8387,0.0
12313,0.0
12453,0.004169176976673327
15160,0.0
17248,0.0006884684968918818
19325,0.0
20853,0.0
21205,0.0
22831,0.0
23693,0.00012361852658846834
24833,0.002976724341211684
26196,9.60099060123898e-06
546,0.0003026635264233415
18455,0.0
23855,0.0034016137786973878
547,0.0
1829,7.282568008261345e-08
18870,0.0
573,0.000401540433420985
1356,0.00025172898645285283
4966,0.0
19657,0.0027377826507040235
574,0.0
13276,0.013647697858155713
19489,0.004133550913648664
580,0.0
6431,0.0
23576,0.0006051814014865177
593,0.0015210436662310871
1008,0.0
2185,0.0
7893,0.0016506705176315185
8369,0.0
9082,0.0017050407505717687
11824,0.0
12066,0.0
12386,0.0
12627,0.0011057726366969984
13333,0.0
16778,0.00048408047695045663
16888,0.0
18051,0.0022478159364460624
20808,0.0
21815,0.0
23896,0.0006776225243950607
598,0.0
23465,0.0
615,0.0035921686602150274
4515,0.0006739199157842637
5773,0.0
8612,0.0047662704310797435
9306,0.003156005440876578
11604,0.0
12308,0.0
12606,0.0010067694359202125
13501,0.0
15814,0.0033717843687329652
15935,0.0003026635264233415
16083,0.001801036820786405
16216,0.0
17932,0.0023148040391541085
18276,0.0
19107,0.00043173359125376525
23145,4.629406590632299e-05
624,0.00434084914658634
1254,0.0001168374097418184
3420,0.0004183074967820218
3731,0.0
5407,0.0
9099,0.0
10762,0.017132404334276888
15184,0.0015833116484283557
16032,0.007095490278422867
23577,0.0
23649,0.0
24293,0.00462720239896892
25201,0.00047850147506765133
628,0.0
5825,0.0006855395010894307
639,0.0004485827657843678
4241,0.009469607357714868
7125,0.0008884962848511204
9647,5.726390277137838e-07
10039,0.0012088983263862283
15846,0.0013928401363374875
19297,0.006936196922979655
23714,0.0
824,0.00041830903000299207
4466,0.000331019452782645
4846,0.0022850031554261553
6934,0.004432524489788421
7811,9.839545539781338e-05
10456,0.0028846382559075145
10549,3.8304946019817114e-05
11746,0.0013366954338220808
12085,0.0005989587156917742
12545,0.014533865374728849
13220,0.0009686529913795333
13411,0.0001476139400909385
17285,0.001621803978777489
18739,0.0002642632489618863
21800,0.0
22269,0.0017665083911274058
715,0.0006996990972167579
6506,0.0006886792926993482
16042,0.0
19101,0.0012862511349703148
21811,0.0003026635264233415
717,0.0
24159,2.1847704024784035e-07
727,0.0017811242196873983
2287,0.0037211184330703125
6375,7.133254737304266e-05
8457,0.0
8471,0.005571131823234252
18140,0.008053779963023238
731,0.0
733,0.0
19233,3.6412840041306725e-08
734,0.0
21303,0.0
735,0.0
23772,0.0
743,0.0013941278173993637
4269,0.0
7245,0.0009094904856089913
9710,0.004850986223628982
12334,0.005161943045288205
19159,0.0003541236021800535
26159,0.0
26190,0.0005867925280586555
748,0.0
23458,0.00040698777881528053
749,0.0
14690,0.0018445867902051878
750,0.0
17911,0.0024585051132631924
19641,0.0
751,0.0
17800,0.0018439004797843532
1997,0.0
5134,5.9086740464680864e-06
9341,0.0
13060,9.103210010326681e-09
19791,0.0006696790939522049
23628,0.0
778,0.0
1048,0.0
1278,0.0011652134041715274
22235,0.0
782,0.0
11539,0.0
15227,2.1847704024784035e-07
16655,0.0
787,7.282568008261345e-08
12940,0.0
20883,0.0
800,0.0
13167,0.0
15485,0.0
811,0.002732660395019925
6468,0.002438295066390455
9964,0.00010441798695461694
11919,0.000713421963808525
15123,0.0006051814014865177
17021,0.0003026635264233415
22989,0.0002580531102739676
23485,0.0004725537168227933
820,0.0003026635264233415
2515,0.0
14414,0.0006051814014865177
822,0.0
9518,0.0
16358,0.0
2133,4.7332814143897156e-05
11082,0.00112609707658
12928,0.0
14419,0.00020427132326258804
17330,0.0009144710680823117
18487,0.005298588931143897
22779,0.0
23382,0.008712524474133855
830,0.0
16802,0.0
23757,0.0
831,0.0
11280,0.0
832,0.0
3387,0.0
4703,0.0
7447,0.0
9764,0.0
10117,0.0
14340,0.0
14370,0.0
15006,0.0
16231,0.0
16590,0.0
16730,0.0
19957,0.0
21848,0.0
22320,0.0
22423,0.004524659503532774
833,0.0
17951,0.0
834,0.0
2490,0.0002998446607249035
5570,0.0
11447,0.0008281006649061185
836,0.0
13955,0.0012777002098659756
16747,0.0006051814014865177
839,0.0
3743,0.003152845450373273
5848,0.0010945048425617188
844,0.0
890,0.0
11197,0.0
25034,0.00831097989537541
853,0.0002957895222763444
12927,0.007414424793469265
17231,0.0
19810,0.0
22493,0.0017746428133499578
855,0.0
21695,0.0009077721022297767
864,0.0
1685,0.0013299941905781463
866,0.0
12884,0.0009684197655277849
20173,0.0
869,0.0
2404,0.0003384622758647088
3618,0.0018742579304552487
14709,2.3908787625761505e-05
22421,3.493054510986547e-05
880,1.0923852012392017e-07
7824,0.0010584120214806626
12053,0.0006051814014865177
12065,0.00015118611185150553
882,0.00010472992228217563
8807,0.0002509021757949589
884,0.0
24699,0.0013791668511735876
24781,0.0016286945240579827
885,0.0
2505,0.0
17192,0.0
18222,0.0009075536251895287
887,0.0
6023,0.001971622338915374
9634,3.6412840041306725e-08
888,0.0
1520,0.0
7007,0.015210122658376693
7712,0.003472419294726445
22598,0.006897234606873139
23351,0.00016976216657371644
894,1.603465953910017e-05
5441,6.708578301517096e-05
5717,0.0017405818143162509
14351,0.0018547714682482026
22734,0.0
896,6.122316595479816e-05
7188,0.0019639592819041774
8279,4.096322520196116e-05
17038,0.00971923662472632
21158,0.0
899,5.773191655662973e-05
5052,0.024422231614460187
22415,0.0023801170390566626
914,0.0
1493,0.00033624265553478
2243,0.0
3442,0.0
3811,0.00033624265553478
5162,0.0
9090,0.0025325409463187324
18633,0.0
915,0.0
16154,0.001210071500252705
18624,0.0
920,6.498335236642994e-05
7317,0.0003518661090883474
8523,3.296011831992334e-05
921,0.0
6815,5.857164180571966e-05
925,0.0
8615,0.0
930,0.0003026635264233415
4493,6.472231120919055e-05
17189,0.0
23720,9.224813513817787e-05
25904,0.0
25931,0.0015418110957722084
934,0.0007785065743619747
14991,0.0
20644,3.160863080075342e-05
25080,0.0008959400208902373
25516,0.0012977349872813776
937,0.00034934128936769346
3466,0.0017152481196631927
4135,0.0006732577959605982
8579,0.00035838805830684217
18233,8.86746958720531e-06
938,0.0
5087,0.0
5202,0.0006051814014865177
941,0.00030128865061666236
3386,0.0034641911444100006
4555,0.0
13712,0.0
16727,0.0
22321,0.0
23151,0.0012840125769620976
23383,0.0
25442,0.001501934231025693
950,0.0006449773240180696
7087,0.0018670797651991534
10153,0.0001214594412985643
21379,0.005890037813488416
23051,0.0012074262775076871
953,0.0
5993,0.003982971673954964
22184,0.001662906243667745
1149,0.0025647396293661533
1694,0.0011045975722901375
2115,0.00775831560514523
4575,0.003459969147021072
5107,0.011512428094316338
5605,0.0017796655524186273
6288,0.0
9829,0.0047778043308155695
12016,0.0010862507138045359
12070,0.0021071237894687905
14485,0.023502736469008908
16101,0.004129906633876733
18250,0.0
20667,0.0
20716,0.010819977405955089
22644,0.005617085706401686
23107,0.0020747867570884014
23344,0.004184977430587066
23939,0.006946412887070584
24199,0.0008239839884653699
25402,0.0002678044339035742
25948,0.00020598201714510728
1006,0.0
8968,0.005369862192319874
16210,0.002551588463347767
1010,0.0
2749,0.0
1013,0.0
19011,7.282568008261345e-08
1014,0.0
5209,0.0032217903343010547
12478,0.00245589208042934
19150,0.0
25902,0.0014149560394531148
1563,3.236696892560598e-08
2457,3.236696892560598e-08
2512,0.0
3534,3.236696892560598e-08
4364,0.007994565165146818
4639,0.0
4959,0.0
5065,3.236696892560598e-08
6271,0.00031138051430147173
6387,3.236696892560598e-08
6867,0.0
10427,0.002516101016748868
12101,0.004183029513297277
14379,3.236696892560598e-08
15145,0.0
15562,3.236696892560598e-08
15708,3.236696892560598e-08
15714,3.236696892560598e-08
15805,3.236696892560598e-08
17580,3.236696892560598e-08
17584,0.0
18396,4.842314856125833e-05
18952,3.236696892560598e-08
19677,3.236696892560598e-08
23241,0.0
24616,0.0
24617,0.0
24819,3.236696892560598e-08
1024,0.0
1817,0.000907699276549694
12552,0.0
1025,0.0
18215,0.0023291760963415576
1026,0.0
1696,0.0
1028,0.0009075536251895289
9924,3.6627041236210195e-06
12262,3.6627041236210195e-06
18619,0.0017266447058713146
18751,0.001423981179447971
19683,0.0
21558,0.0
22744,0.0
1029,0.0
17273,4.7568206183357106e-05
1044,0.0008222161046920814
3409,0.0007464806875216223
5809,0.0
9485,0.0
10435,6.24007492739977e-05
13597,0.006266644473459522
14698,0.0
16123,0.0008348018137096903
21823,6.24007492739977e-05
1045,0.0
8854,0.0006052542271666004
1050,0.0
17120,0.0
1051,0.0
4245,0.0
25664,0.0
1058,0.001028343351051127
1667,0.0006101595735516913
3685,0.0
14661,0.002215913768535724
18208,0.011948955998703095
19562,0.0004597928429182191
23723,0.000266770776638653
24477,0.0004597928429182191
1059,0.0
10791,0.004579438872245991
11125,0.0
1073,0.0006052542271666004
2750,0.0
6154,0.003606245319208846
20668,0.0
1075,0.0
1078,0.00011199406234313002
5164,0.0
13371,0.00043489569290641945
17116,0.0013590364288616908
18365,0.0061987981958613395
19741,0.0013590364288616908
1090,5.915584487963848e-05
13831,0.0011732982144456259
14319,0.0
18052,0.0
18940,0.006327474032405163
23256,0.0001673863900576249
1092,7.282568008261345e-08
3196,0.0
23226,0.0
1093,0.0
3059,0.0
10251,1.6023202901295377e-05
23637,0.0017358580409686623
1098,0.0
4351,0.004911548847154241
4483,6.653775375590938e-05
1101,0.0
9030,0.0006051814014865177
17854,0.0
1104,2.503350273285177e-05
8335,0.003876017671373472
1105,0.0
11891,0.0006052542271666004
1107,0.0
6973,0.0
1109,0.0
10655,0.0
11696,0.0035007112663569713
12742,0.00029204336881927506
1116,0.002445668580485157
1157,0.0
6305,0.0
7023,0.00038018237151771065
7726,0.0
7768,0.004908270836936797
14870,0.0
14872,0.0006250716619049921
16334,0.0
20316,0.0
1267,0.0
14834,0.003760602935974715
18102,0.0
1125,0.0
20765,0.009282288394683601
1425,0.0009193784326098199
4189,0.0003026635264233415
16234,0.0
17251,0.0
18373,0.0006051814014865177
20557,0.0
1150,0.0
24126,0.000682311893972226
1151,0.0
2410,0.0
3843,0.0009212053444294638
6301,0.0
15414,0.0
17385,0.0020751945368564077
18743,0.0
22032,0.0
22903,0.00010032312718924103
23674,0.0
24294,0.0
24706,0.0
25998,0.00010032312718924103
1153,0.0
17501,0.0033133974948249536
1154,0.0
12017,0.0
12930,2.913027203304538e-07
3441,0.0014268536722755764
11372,0.0029082590171461593
19355,0.0
22018,0.0009864007011972063
25660,0.00010009671049881902
1174,0.0
2712,0.0
21177,0.0006051814014865177
7844,0.0011569570960042901
11148,6.71972699830946e-05
13013,0.0
16722,0.0
16876,0.0
18899,0.000792340294880854
1187,0.0
6290,0.0
1194,0.0
21858,0.0
1611,0.0
2165,0.0028263992323080715
3944,7.632181583029065e-06
5488,0.0003026635264233415
6033,0.0
8128,0.0003164104720395003
12491,0.0061597625866818525
12735,0.0010015799204698276
13384,0.003563813046684748
14430,0.0032737012220222226
14615,0.005418302777069995
15829,0.00034122142806507455
17089,0.0007414987429364581
19877,0.0018145974706184793
20495,0.0
21638,0.0
21708,0.0
22242,0.0009498233733130654
23233,0.00010824465589709433
1229,0.0011266888915833562
11107,0.0013702941965624267
12263,0.0
12842,0.0029491919144093975
20879,0.005678248757867235
26127,0.0009172153451048098
1234,0.0022802434679800466
20827,0.00610708568874902
21432,0.005551624904425241
25053,0.0002846300382709697
16331,0.00010716630966239338
5385,0.00482606653529006
1258,0.00021251929695861887
12032,0.000247857839805475
12599,0.0003293696456912164
12659,0.0012159778588873248
12797,0.0
1265,1.5451090173560454e-05
1839,0.0
3502,0.0
9980,0.0
15126,0.0
16389,0.003699861878323955
16881,0.0
17828,0.0
23864,0.0
25910,5.142817458069937e-05
6218,0.006494884789919131
15125,1.4962656522906697e-05
16743,0.0
21220,0.002502749436446068
22798,0.00462889579909288
1279,0.0
1787,0.0006051814014865177
14550,0.0
1280,0.0
20207,0.0020815702781115924
1281,0.0
3653,0.0
10163,0.0
12551,9.710090677681793e-08
18621,9.710090677681793e-08
24207,9.710090677681793e-08
25287,0.0
1289,5.097797605782942e-07
1560,0.0
4365,0.0
10906,4.369540804956807e-07
1292,0.0
6648,0.0
10341,0.0
14840,0.0
1293,0.0
2621,0.0
2623,0.0
3283,0.0
3812,0.0
3820,0.0
3824,0.0
4834,0.0006051814014865177
5131,0.0
6222,0.0
6456,0.0
6525,0.0
6868,0.0
7525,0.0
7650,0.011695949872627886
8448,0.0
9433,0.0
12802,0.0
13482,0.0
13526,0.0
14157,0.0009075536251895288
14373,0.0
15148,0.0
17600,0.0
17819,0.0
17823,0.0
17824,0.0
18000,0.0
18444,0.0
22324,0.0
22901,0.0
24474,0.0
24479,0.0
24615,0.0
26039,0.0
1310,0.001522328573673724
2922,0.0004981128411635718
7926,0.004206353671089852
9124,0.007220292209998881
9870,0.0
14627,0.0009251305840834248
23186,0.0006831585297860441
24475,0.0
1311,0.0
3983,0.0
21075,0.0049977783544508225
1321,0.0003351384529790243
4952,0.013714620041113101
21089,0.0018655324659108885
1322,0.0
6638,0.001512298072595551
16068,0.0
1323,0.0
1327,0.0
21543,0.0013613520638416797
1339,3.509749506219367e-05
3164,0.00011105748209291167
15580,4.8328222414835425e-05
16393,0.0
20478,0.010400714547882195
1341,0.0004597263960523088
7355,0.00017088536796731925
14357,4.650316785825162e-06
20373,0.00865598837701291
1343,0.0
15416,0.0
1344,0.0
18126,0.0
1346,0.0
6448,0.0
1347,0.0
19992,0.0022976962669070686
1350,0.0
6825,0.0
16258,0.0020248883308892564
16676,0.0
1373,0.0019472162035502887
8031,2.0261345443782294e-05
13056,0.003658903998682712
24696,0.010176547479399792
1375,0.0003026635264233415
3053,0.0
9572,0.025689005573850544
1376,0.0
4267,0.0
1378,0.0
7877,3.6412840041306725e-07
1383,0.0
3377,2.913027203304538e-07
1386,0.00036531200977646784
2720,0.0003026635264233415
1403,0.001449899522722172
2368,0.002456822504614065
2783,0.0
9408,0.0
17721,0.003217119894916435
20168,0.003947448333884356
1405,0.0
19865,0.0169739428911011
16967,0.0011119084187679409
1408,0.0
9184,0.0046787147973527034
18736,0.0014932308364930256
4724,0.0004186442085600063
6832,0.0
7105,0.0
15552,0.004939941061752275
19557,0.0
22177,0.0076486329752198275
23841,0.004075584470206028
25286,0.0020544202446539303
1427,0.0003026635264233415
4298,0.0006052178143265591
11037,0.0
1430,0.0
1436,5.723532427165709e-06
18331,0.0031453005949515405
20064,0.0
1488,0.01654410722590783
3076,4.063326612637611e-05
4258,7.282568008261345e-08
4896,0.004048069894033857
5608,0.0
5771,0.0
6675,0.000605327052846683
7386,0.0
9194,0.00014313259444386495
11661,0.0012701253067881392
12247,0.000605313199466376
12968,0.001660156431131641
13801,0.037027150433897614
16264,0.0
17401,0.0
17797,0.0
18741,0.0
19895,0.0017035593180676396
20059,0.0019240197821171823
20148,0.004643485692668217
20315,0.0009354854963445079
21629,0.0002742107710232262
22620,0.0007437424815528168
23741,0.0006043282300655652
25107,0.0006052542271666004
25439,0.0
1490,0.0
20813,0.0
2452,0.0
9027,0.0
14153,0.0
1497,0.0003026635264233415
6724,0.0016043226891004863
16890,0.0
1498,0.0
3033,0.0
1499,0.0
10600,0.000907699276549694
20261,0.0
1508,0.0
1511,0.0003026635264233415
18278,0.0
1519,0.0
21754,0.004626283393133774
24270,0.0004481438847731094
25435,0.0012097801975323747
1545,0.004794439406643833
8547,1.6730333717683473e-05
10919,0.0
11275,0.009928356131084623
12212,0.002549250478413392
15600,0.0
15608,0.0006255126542174617
16644,0.0
22074,0.005271666719656703
24568,0.001010203434757719
25996,0.0002740259072327375
26098,0.0008839283661837583
1549,7.282568008261345e-07
8349,2.039119042313177e-06
22766,0.0
23168,0.0
24732,0.0
1550,0.0
5835,0.0009252178412673791
20952,0.0
1551,0.0
8058,7.282568008261345e-08
1552,0.0
2054,7.282568008261345e-07
1556,2.1847704024784035e-07
11965,0.0
14096,0.0
23154,0.0
1561,0.0
1588,0.0075025258448188446
5695,0.002235980843753755
5901,0.012615287140157262
8063,0.0015447657001907875
8972,0.0002211471170663412
9066,0.000519808508796612
10652,0.00036367950196860514
16274,4.338933168105562e-05
17984,0.00026184052551192396
18540,0.006938781696773495
22147,0.0004386746362913015
22979,1.4692303505197985e-05
23805,0.0032226492360200145
23967,0.011134682733734483
24592,0.0
25006,0.013082832528456535
1589,0.0
7603,0.0
6838,0.0015086396898611656
10871,0.002701991692872944
15382,0.0001444424826591119
1595,0.0
24559,0.011157475442840185
1599,0.0
11052,0.0028368357132859453
1600,0.0
14020,0.00241846800986351
21635,0.0
19442,0.0002591284264070611
23620,0.00011772782775264962
1608,0.00031449634050685117
20660,0.000735248580875565
1613,0.0
13422,0.003021318989587384
13992,0.0
15217,0.0
1620,0.001558068105018562
3677,0.0029090028931557667
7689,0.024970551728636742
15329,0.0
22791,0.0
24057,0.013005395907913189
1621,0.0
6576,0.0
7109,0.0
5639,3.947477252354742e-05
11612,0.0
17875,0.0
20116,0.0010028253993384576
23095,0.0
24023,0.0003698368552431205
24944,0.0
25684,0.0004972768887914099
1656,3.6412840041306725e-07
4040,0.0
5828,0.0
11842,0.0
21531,0.0
1658,0.001102241453095796
5346,0.011010013512264922
19682,0.00014072510941883087
22275,0.0010432114315486122
23945,0.0
1660,0.0
23068,0.0
25631,0.0
25678,0.0
1662,0.0
2613,0.0
15413,0.0012096345461722095
4484,0.0
1668,0.0
4835,0.0
1669,0.0
12703,7.282568008261345e-08
1670,0.0
14894,7.282568008261345e-08
1672,2.5210002242378444e-05
8079,2.5210002242378444e-05
11461,0.0006863693553842262
16755,0.0
18676,0.0015381385397212582
1674,0.00021076380202766402
3323,0.00043437276517330035
17559,0.001595318739069263
20004,0.0
1675,0.0
7625,0.000444400459865803
17843,3.226016151292746e-05
20383,4.287362385253779e-05
26013,0.00027407402481480556
1695,0.0
19380,0.0
1699,0.0
2303,4.072756658214439e-05
18122,0.0016340329199804671
18771,6.256415531780428e-05
25875,0.0
1711,0.0020565825204301286
3174,0.0
3922,0.0043740620195928965
6726,0.0
6813,0.000636498101851024
10711,0.007512929668107277
13703,0.0
20046,0.00028312219837839945
20854,0.0
1727,0.0028071740757629367
10896,0.0
20915,0.0
22848,0.0012097801975323747
1728,0.0
5656,0.0
8045,0.004566689610031151
18488,0.0
22610,0.0
1736,0.0007327217401458181
1914,0.0
7586,0.0
10539,0.0006304564316414076
14424,9.8237128102868e-05
19462,9.8237128102868e-05
1738,0.0006051814014865177
11611,0.0
20779,0.0
1765,0.0022007482393939398
8087,0.00012822147336082184
15081,0.0001711730451048561
15523,0.0
17339,0.0
19711,0.0
20307,0.0
1782,0.0
3066,0.0008858730042277196
10726,0.0010483323784737872
1793,0.0
8786,0.0006675630592018722
14078,0.00015840363821690692
1796,0.0
1798,0.0
4828,0.0
5404,0.0
5366,0.0
16513,0.0
21806,0.0017957970463677894
1822,0.0
6503,0.00211667839160116
1823,0.0
1825,0.0
19140,0.001304226168298044
26193,0.00028340855462149323
22464,0.0
1832,0.0
9397,0.0011310358144513307
14385,0.0
1833,0.0
8177,0.0021168968686414076
12107,0.0
1836,0.0
8400,0.0
1838,0.0
12733,0.001647522072799958
1840,0.0
4713,0.0
6824,0.0
12492,0.0
16020,0.001864132916473574
2655,0.0
10310,0.008758538200675133
20008,0.0
25866,0.0
1855,0.0
2009,3.1743991724426326e-05
6482,0.0026572381869032595
1857,0.0
3967,0.0
1859,0.0
4416,0.0045422274485735405
21798,0.0005478431969623553
1860,0.0
1862,0.0
1877,0.0013418233564869585
2042,0.003597525707313282
15880,0.002856649010581697
19710,0.0
20014,0.000746442489023156
23163,0.0
23225,0.0
1878,0.0
12338,0.0
15800,0.0
1879,0.0
1880,0.0
1896,0.002116085074821209
7829,0.0006052542271666004
8973,0.0
11102,0.002034470387737605
14600,0.0
23138,0.0
25220,0.0
1897,0.0
1908,3.277155603717605e-07
16621,0.0
17173,0.0
1910,0.0
9316,0.0
1915,0.0
2630,0.0003026635264233415
1916,0.0
20953,0.0
24463,0.0
1941,0.00038010696135965655
7350,0.007851945829202393
10055,0.006099491553486431
22528,0.0
22832,0.0
25102,0.0015517485617014446
9216,0.0
11591,0.0011962984057106612
22507,0.0
1959,0.0
9723,0.0
15568,0.000907699276549694
1962,0.00026584307361519465
9413,4.176480956372869e-05
21125,0.003170968780475546
1963,0.0
1966,0.0
7911,0.0013194464988901947
8048,0.0
15717,0.0
1967,0.0
11969,0.0
18996,0.0
1968,0.0
1969,0.0
8472,0.0
24141,0.0
1976,0.0
23672,0.0
1981,7.282568008261345e-07
5468,0.0
5668,0.0
6908,0.0
8187,0.0
18034,0.0
19879,0.0
25444,0.0
1982,0.0
1983,0.0
13012,0.0
20943,0.0
1985,0.0003026635264233415
10597,0.0011779618977432907
19223,0.0
1989,0.0
4106,0.0
7515,0.0
17782,0.0
18231,0.0
1992,0.0
2001,0.0
7935,4.7310588191246454e-05
23204,0.001428172817948235
2003,0.0
17999,5.82061978081164e-06
2004,0.0
21191,0.0
5057,0.0
8403,1.5853789442192517e-05
15571,0.00018451179215157382
2010,0.0
8064,0.0
16039,0.001512298072595551
20599,0.0
3683,0.0
3845,0.0
6748,0.0
14664,0.0
16065,0.0
16963,0.0
20650,0.0003026635264233415
2043,0.0
6315,0.0
14886,2.913027203304538e-07
2044,0.0
4490,0.0
17001,0.00014293734824277258
18013,0.00014293734824277258
2047,0.0
3632,0.0
15383,0.0
2049,0.0
9915,0.0
8719,0.0
9760,0.0
10355,0.0
13741,0.0
2055,0.0
2059,0.0
4379,1.654301852904578e-05
6541,0.0
6905,0.0
7071,0.0
8195,0.0006051814014865177
8216,0.0
11227,0.00016217962541774836
14498,0.0
15258,1.1634248386822573e-05
15951,0.0006051814014865177
22278,4.770202526336529e-05
2074,0.0
14067,0.0011884726185385117
2075,0.0
4182,0.0
10439,0.0
2076,0.0
2080,0.0003026635264233415
4069,0.0
2081,0.0
7504,0.0022597803466334106
2087,1.3677151473198401e-06
2993,0.0
4377,0.0
13404,0.0021579824867400416
4756,0.0
5302,0.005212109367398397
5497,0.0
9241,0.0048831136142476915
10983,0.0030216327143139507
12110,0.00018573479309213367
12141,0.0006026067636036331
12709,0.0
13711,0.0010754818602338877
18443,0.0006052542271666004
18658,0.0
18667,0.0006051814014865177
26157,0.0
2116,0.0
9189,0.0
9765,0.0
9774,0.0
12034,0.0
17935,0.0
2117,0.0
6300,0.0
2118,0.0
19936,6.55431120743521e-07
2119,0.0
7637,0.0
2120,0.0
8157,0.0
2123,0.0
2124,0.0
25152,0.0003026635264233415
2127,0.0
11712,0.003134166958815197
24029,3.205424631211608e-05
2136,0.0
2142,0.0003026635264233415
13283,0.0
16800,0.0
20924,0.0016136278512258518
23858,0.0
24601,0.0
2143,0.0
2144,0.0
2774,0.0
3055,0.0
3652,0.0
3655,0.0
3766,0.0
3814,0.0
6388,0.0
6583,0.0069244113136150524
7096,0.0
9249,0.0
12051,0.0
12423,0.0
12885,0.0
14808,0.0
15173,0.0
15189,0.0
15999,0.0
18942,0.0
19705,0.0
20250,0.0
21030,0.0
21825,0.0
25108,0.0
9511,0.00036010822685250834
16817,0.00042889986239982847
17187,0.0009563829671863722
20122,0.0032399756396701384
16278,0.0
24705,0.00016416657470744172
2169,0.0007685054158289073
4353,0.000504186544042771
5938,0.0
8340,8.002650103577852e-05
2182,0.00019839852880805468
3553,0.0
7578,0.0002292239859886495
10406,0.0006564988100365819
14746,0.01617542343273008
2184,0.0
15998,0.0005486270033139476
24183,0.0005595664519954512
26004,0.0004745307576150515
2186,0.0
2190,0.0
6172,0.0002738425925954392
8592,0.0002738425925954392
14933,0.0
18904,0.00035192720085432935
2200,0.00015177849580466922
8520,0.0
20052,0.0016227519458578519
2201,0.0
14868,0.0
16226,0.0
2202,0.0
17233,0.0
24271,0.0
2203,0.0
20182,0.0016028165605294492
10041,1.456513601652269e-08
13995,0.0
2215,0.0
2222,2.548898802891471e-07
15695,4.369540804956807e-07
21309,1.0923852012392017e-07
10792,0.0
20422,0.0
2223,0.0
4266,0.0
20216,0.0
2239,0.0016386365631770518
4125,0.0006111284738096747
22894,0.0
25069,0.0012097801975323747
2247,0.0
9606,8.01082480908748e-07
2248,0.0
8409,0.0
2249,0.0
5957,8.739081609913613e-07
6077,0.0
6611,0.0
8672,0.0
12118,0.0002756515108094059
19955,0.0
21832,0.0
24814,0.005502571992543271
2255,0.00042646404096214274
7324,0.00046157592627391975
9017,0.005839998349363949
16801,0.0
17075,0.004654379756039672
24219,6.197012884175843e-05
2259,0.0
10317,7.282568008261345e-08
10235,0.0020491416537021124
10519,0.0
11861,0.003707454101940954
18580,0.0
18623,0.0
20217,0.0
20613,0.002471442552608138
23297,0.0006146447984291557
25271,0.004030240406945362
25436,0.0
2293,0.00017661962135300492
3037,5.23082437516793e-05
17266,0.0021073422221346487
2295,0.0
19800,0.0006052542271666004
8541,0.0008363683018833446
24593,0.0
2306,0.0003452883760549606
8446,0.0006051814014865177
10514,0.0
24340,0.0010407300568359955
2307,0.0
2309,0.0
6532,0.0
9763,0.00020470793508095986
17626,0.004361556610567915
2316,0.0003026635264233415
11929,0.0
11939,0.0007026676028131846
16935,0.00010592495000929421
2326,0.0003731222502967217
6266,0.0
10211,0.0018260708573865569
15799,0.0031726169570723693
19048,0.0023650953813332803
26088,0.0009109220223713338
2328,0.0
2329,0.0
17178,5.826054406609076e-07
24846,0.0
2331,0.0
15181,0.0
2332,0.0
18544,0.0
21596,0.0
2334,0.0
10180,0.0
17587,0.0
2335,0.0
16108,0.0
2339,0.0
24594,0.0
2340,0.0
2443,0.001246231335369373
8116,0.007096350184430107
16906,0.0006852063214951517
2341,0.0
2959,0.0009432058202551771
5712,0.002094560980749459
2342,0.0
10923,0.0012094160691319615
16013,0.00030229939802292843
19964,2.1847704024784035e-07
2348,0.0
2350,0.0
10956,0.0012290723580497705
25405,0.0
2352,0.0
22502,0.0003026635264233415
2355,0.0
7861,7.282568008261345e-08
2356,0.0
4525,0.002625857446360239
3977,0.0006931692661622607
6094,0.000497432682436975
13310,0.0
18511,0.0012366546599143252
2385,0.0
20783,0.0
22574,0.0014578838542256528
2386,0.0
2394,0.0012831267852827391
2388,0.0
16955,0.0
13480,0.0009835599718905279
17569,0.0
2409,0.0
3522,0.0
4286,0.0
4288,0.0
18970,0.0
2420,0.0012099986745726225
19350,0.0006052542271666004
25959,0.0
6918,0.0
8184,0.0
8625,3.075884960876786e-05
13369,0.0021325741449143517
14369,0.00011092020804756423
17583,0.0
17738,0.006457617396562892
5175,0.0005540882211691838
22197,0.00017062366949404092
2451,0.0
20248,0.0003026635264233415
2455,0.0
14353,0.0
2459,0.0
22144,0.007707110718816166
2465,0.0006750849364468223
2474,0.0003026635264233415
18344,0.0
2475,0.0
12135,0.002116314263200747
21928,0.0
24765,0.0006051814014865177
2476,0.0
18984,0.0
2485,0.0
2487,0.0
3052,0.00045392246395492965
3193,0.0005914658303592028
2501,0.0023780010300780588
5564,0.0020504205863831723
6804,0.00105694220408156
8552,0.0003549648972096946
19624,0.00031876774428124337
22758,0.001663880410151756
24110,0.0011070808727964678
2503,0.0006051814014865177
9631,0.0
10898,0.0
12472,0.002325883044642266
2504,0.0
18592,0.000907699276549694
19585,0.0
2506,0.0
9962,1.456513601652269e-07
10682,0.0
2511,0.0004388374963819179
14051,0.001249694830596137
18271,0.0015612304542308225
2516,0.0
21998,0.0003026635264233415
2526,7.276940243221721e-05
6494,0.00029147368956232976
7853,0.0001712470151695778
14976,0.0001712470151695778
21853,0.0004231136631729408
2527,0.0
2532,0.0
15365,0.0003026635264233415
2536,0.0
2870,0.0013400004442394853
16041,0.0
22555,0.0030223601958291107
24753,0.004049181669199655
2556,0.00869508016766186
10895,0.0018112804207339203
13556,0.011829390295533591
16349,0.0
17543,0.0004999882359655006
17778,0.0003610232338371982
17979,0.0005375877296538503
2557,0.0
4272,0.0
2558,0.0
2559,0.0
5543,0.0
21771,0.007153943655327894
24097,0.004830418121359626
2560,0.0
4146,9.330994428909537e-05
10926,0.0
12553,0.0
13164,0.0008450798671397284
16594,0.00013457357392473407
18668,0.0
2561,0.0
23094,0.0
2563,0.0
2566,0.0003026635264233415
6078,0.0
16779,0.0
2569,0.0
5546,0.0
2591,0.0012160308289340064
8916,0.002416918818311544
16765,0.0009903418628668598
18517,0.00032925286818606377
2592,0.0
2593,0.0
10433,0.0
2596,0.0
6666,0.0012099986745726225
23464,0.0
25644,0.0
2607,0.00016617180621981186
3450,0.0
4588,0.0008241586202888806
5130,0.0
5353,0.0
9450,0.00013491110025979042
12165,0.0
12722,0.0005350705890346127
20003,0.0
20184,0.0
21718,0.0005280860254389085
24330,0.003369294281563349
2614,0.0
10801,0.0024899330421910746
2620,0.002455713474855922
6442,0.00040761515534134293
7442,0.007296262458613756
10024,6.47823295932684e-06
17681,0.0008912298206223796
20587,2.302620082077222e-06
24371,0.011434869473363383
2622,0.0
2624,0.0
24202,0.0
7563,0.0017938480544906735
14403,0.0015316115158284626
18088,0.001085180102468271
3243,0.00047751241730786364
3890,0.002095378876690476
12306,0.0
16056,0.003688736579941425
16310,0.010148759874837881
21776,0.0017618795013226865
21860,0.001074300639669833
2656,0.0
14560,0.0
24251,0.0
2661,0.0001512984714722044
8067,0.0
11132,0.00030270306036395773
12980,0.0003100355425794788
14969,1.1842842737244045e-07
22556,0.0
24845,0.0001514501916390432
2664,0.0
2666,0.0
10872,0.0
24250,0.0
4708,0.0
5172,0.004781677368294439
5541,0.0012764899852320338
5807,0.0038062581175943512
8458,0.0
10601,0.0
11401,0.0
13026,0.00039975344761009453
13205,0.0005897725134681771
13659,0.004346740528150774
14007,0.00020682995296177328
14009,0.0005025732278666272
15301,0.0
20934,0.00038637512829188883
23647,0.005079108144729352
25916,0.0027068891377573204
26023,0.0
26051,0.0003026635264233415
26100,0.0
2713,0.0
13199,0.000934151550788272
19568,4.974380991166958e-05
6913,0.0
4632,0.0
14512,0.0013204719214468137
20774,2.0095594213354563e-05
2742,0.0
2752,0.00018296781528536813
14123,0.002664816051776853
19340,0.001548640166617028
2754,0.0
5511,0.0
7265,0.0
7479,2.913027203304538e-07
10056,0.0
2761,0.0004292556235418719
19433,0.0012989199027910409
2762,0.0
22378,0.0
2770,9.684454964162373e-05
6806,0.0
9432,0.0005384376550729096
12654,0.00170750963306704
14033,0.0007851598543662714
2771,0.0
5655,0.0006072910865564634
13619,0.0004004554903006898
18585,0.0004004554903006898
22426,0.0014205151797285695
2773,0.0
6337,0.0011747462491130342
6529,0.0
6543,0.0
8511,0.0007872000119955549
20030,0.00049129138914591
2784,0.0
5425,4.369540804956807e-07
16109,0.0
21808,0.0
2785,0.0
3682,0.0
17280,2.1847704024784035e-07
19956,0.0
2789,0.0005653256941325231
7281,0.0
25597,0.0
2797,0.002311778635065102
7011,0.0
8702,0.0
15971,0.0012365297721137016
17113,0.0033130852431272674
18159,0.0
2803,0.0
7533,0.0005930883754197685
2805,0.0
14128,2.0693259257803082e-05
2806,0.0
9209,0.0
24885,0.0006122691291804056
2810,0.0
3204,6.031400205592976e-05
11557,0.004009853692652567
25937,6.031400205592976e-05
2823,0.0
9127,0.0
2826,0.0018137963881375706
8857,0.00015122252469154684
12235,0.0007561854491378167
23216,0.0
3965,0.0
5622,0.0
7855,0.0
8928,0.0
10942,0.0032805678221798536
18375,0.0
2848,0.0
2851,0.0
11416,0.0009694723913143997
2852,0.0
4868,0.0011291768993662821
25721,0.0
6963,0.0016509828883657558
9207,2.0089358711322314e-05
9732,5.040798546675998e-05
20391,0.0029862469133975864
25870,0.0
2877,1.6769591410942102e-05
21154,0.0
2879,0.0
9758,0.0003026635264233415
2883,0.0
4015,0.0
6175,0.0
8215,0.0
8310,0.0
10931,0.002213749420137449
2915,8.884288921526323e-05
13174,7.226213662604404e-05
2917,0.0
6031,0.0
2926,3.2636551257356403e-05
2936,0.0
2938,0.0
18581,0.0
2949,0.0036287861990793456
3839,0.0016445301292120076
12637,0.0022910904893188324
13615,0.0
16674,0.0018429387465549788
2950,0.0
5359,0.0003026635264233415
17794,0.00010509653212798669
14376,0.0
2981,0.0
4427,0.0
2984,0.0
8731,0.0
10564,2.913027203304538e-07
2991,8.170636025609842e-05
2997,0.00015129535037162944
6888,0.00015129535037162944
11664,0.0
24412,0.0024363174891697667
3006,0.0022836220103581058
5953,0.002908937302295971
15311,0.0005900725556217481
15821,0.0003026635264233415
23134,0.007072796715180229
3007,0.0
4697,0.0016653656611654904
25537,0.0003026635264233415
5840,0.0
6732,0.00022450803553232947
8614,0.0
13847,0.0011781309262230077
22609,4.385615449239064e-06
3034,0.0
15435,0.002731817871122731
22265,0.0027443058224636235
5838,7.230414478610042e-05
11109,0.0
21562,0.0
6711,0.0
16232,0.0
22725,0.00015125893753158812
3056,0.0
15455,0.003404930570319566
3058,0.0
11815,0.0
3062,0.0
16892,0.0
19572,0.0
3063,0.0
18210,0.0
25917,0.0
7991,0.0
3067,0.0
18721,0.0
3068,0.0
3996,0.0012101443259327877
3073,0.0
3607,0.0003026635264233415
3074,0.0
23416,0.0
3096,0.0021717569806570013
4027,0.0
7450,0.0
12806,0.002609483508855968
15235,0.0022773930902698727
17207,0.0019391623287410011
18286,0.0007265964799287484
3100,0.0
18098,0.0
3102,0.0
12414,7.282568008261345e-08
18562,0.0
24439,9.831466811152816e-07
6558,0.0
8312,0.0003026635264233415
10765,0.0
11621,0.0010209332745942982
14865,0.0
15941,0.0012097801975323747
17538,0.0
18924,0.0007419997216194481
25978,0.0
3119,0.0
15516,0.0007784350549817923
19004,0.0
3136,0.0003026635264233415
5862,0.0006532639844674908
9248,0.0005327882954618603
11108,0.0
13966,0.0023811621283192416
8824,0.0
21995,0.0
3171,0.0
3173,0.0
3178,6.043453964926166e-05
4989,0.0
3185,0.0
10081,0.0012099986745726225
3186,0.0
11991,0.0
3188,0.0
20892,0.0012099986745726225
4371,0.00048801769631833864
7959,0.0
3194,0.0
3195,0.0
19252,0.0
3197,0.0
22790,0.001535916123635596
3199,0.0
19507,7.282568008261345e-08
3200,0.0
4264,0.0
17468,0.0
14667,0.0008950435556275748
3206,7.282568008261345e-08
6535,0.0
6579,0.0
3207,0.0
25480,0.0003712517750764923
3209,0.0
15973,0.0
3228,0.0012905884386537132
3654,0.0
14154,0.0
15882,0.0
3231,1.456513601652269e-07
4705,0.0
4773,1.456513601652269e-07
6411,1.456513601652269e-07
8261,4.9114419007649416e-05
8549,0.0
8823,0.0012803339514784497
9639,0.0030425196951273962
11464,2.0085266965515617e-05
16352,1.456513601652269e-07
17997,2.0085266965515617e-05
19808,0.0
19870,0.0015273795662598553
20532,0.0013887897451672427
21931,0.0
22369,0.0
3239,0.0
11465,0.0
11577,0.0
21544,0.0
3265,0.004913807650735444
4138,2.356039196956725e-05
10496,0.00024217416722863597
13622,0.0
16324,0.0019049059865640242
26038,0.005329048030094087
3279,0.0
25510,0.0
3280,0.0
23403,0.0005502729031084719
3291,6.08642364684037e-06
3292,0.0
3293,0.0
22834,0.0001048581813656322
3297,3.6412840041306725e-07
5667,2.1847704024784035e-07
17936,0.0
23461,2.1847704024784035e-07
5143,0.0
7449,0.0005429701589249599
3312,0.0
11493,0.0
23770,0.005013033600687475
3321,0.0
6465,7.192859473219895e-05
15891,7.192859473219895e-05
21653,0.00014020775253773148
3345,0.0020003033231129823
3430,0.001219871650336191
5266,0.000672406391105951
5995,0.0
7999,0.0
8047,0.00040922205853071315
8178,0.0
8868,0.0
10824,0.0
19806,0.0
22439,0.0
23304,0.0
24431,0.001211167821007993
3347,0.0
3362,7.282568008261345e-08
16957,0.0
3388,0.0
3818,0.0
6735,8.739081609913614e-07
23167,0.0
26141,0.0
3411,0.0
3412,0.0
3418,0.0004786858992846865
3765,0.0022924822874222915
4798,0.000678108174384844
12866,0.0
20196,0.0
14606,0.0
3431,0.0
23506,0.0018288231755750816
5674,0.0
12691,0.0
26194,0.0
3449,0.0
15353,0.0006052542271666004
3451,0.0
26065,0.0022269232977743044
3452,0.0
5233,0.0
15931,0.00300609299555052
18720,0.0
19607,3.05148819526625e-05
3594,0.0
9968,0.0
14383,0.0
14652,0.0
19501,5.667919334309492e-05
20942,0.0
21592,0.0
22523,0.0008573289015822505
23713,0.0
3507,0.00015129535037162944
11626,0.0
12419,0.00015129535037162944
3508,0.0
3511,0.0
3516,0.000907699276549694
7053,0.0
12618,0.0
13144,0.0006044531446856916
18634,0.0
3524,0.0003026635264233415
10555,0.0006189385171859354
17581,0.0
3526,0.0
15786,0.0
25408,0.0006051814014865177
3532,0.0
18340,0.0
3561,0.0022017268814727296
8231,0.0
9616,0.0008422428660395707
16931,0.0033230357821696518
21407,0.0003847857422116914
22046,0.003514566205524939
22082,0.0008270524305570121
3593,0.0010985954374826462
4638,0.0
16607,0.00044316693322537636
23909,0.0
3595,0.0
3599,0.0
14130,0.0
24398,0.000355962727926621
3630,0.000875145828640345
7715,0.0
8150,0.0
8768,0.0021152153436699767
3631,0.0
7801,0.0016998728210814078
3633,0.0
3651,0.005983801700503369
3877,0.0
4354,0.0
5412,0.0
5827,0.0
6351,0.0
6527,0.0
6544,0.0
6891,0.00037400751966948397
7357,0.0
7485,0.0
7719,0.0
9389,0.0
10162,0.0
10477,0.0
10881,0.0
11445,0.0
12788,0.0
17536,0.004015053503081607
18185,0.0
19246,0.0
19463,0.0
20780,0.0
21861,0.0
22284,0.0
22741,0.0
23153,0.0
23514,0.0
24924,0.011457409460734034
7204,0.00038136948688758624
18724,0.0
20954,0.0
23991,0.0
3679,0.00015904417537607976
9862,0.0016000837520564139
3681,0.0
3684,0.0
18314,0.0010678901833419431
18370,0.00022966316573084649
4704,0.0
8801,7.282568008261345e-08
12695,0.0
15420,0.0
3718,0.0
7511,0.0
3719,0.0
5067,8.698622898756608e-07
6907,8.698622898756608e-07
8072,0.0
8375,0.0
9025,8.698622898756608e-07
13649,8.698622898756608e-07
19545,0.0
22527,0.003482676522098208
25060,0.0
25289,8.698622898756608e-07
3721,0.0
3725,0.00013129820446570252
5505,0.0
15911,0.00013129820446570252
12642,0.0
21184,0.0024172299733021055
3744,0.0
10178,0.0
24133,0.0
3748,0.0
17503,0.0
3750,0.0
14149,1.7478163219827228e-06
19560,0.0
23530,0.0
3752,0.0
24174,0.0
3754,0.0006051814014865177
8185,0.0
16496,0.0
17918,0.0009075536251895288
14500,0.0
23066,0.0012097801975323747
3772,0.0
22830,0.0003026635264233415
3773,0.0
6364,0.0003931648255968932
3819,0.0
3821,0.0
3825,0.0
20893,0.0
3826,0.0
19111,0.0
3827,0.0
4442,0.001472380670423857
14534,0.0015593446630671386
25896,0.001364380325052158
4284,0.0
9643,3.862181683779056e-05
13837,0.0
15194,0.0
15623,0.0
17250,0.0
21864,8.08365048917009e-07
23470,0.00015778311291454484
25094,0.0
26067,0.0
4488,0.00038870377847865763
9018,0.0
14374,0.0
18299,4.8550453388408966e-08
19687,0.0
3849,0.0006052542271666004
3988,0.0
5225,0.0027206945822063557
16348,0.0
3850,0.0
12040,0.0009657537166798079
3851,0.0
16598,0.000907699276549694
3852,0.0
11622,0.0
3853,0.0
3872,0.0011467143679426207
5109,0.0
11175,0.0004246410887291436
12409,7.544528073754519e-06
16174,0.00015652792234515693
20101,0.0
23096,0.0
3873,0.0
21156,8.95538772590225e-06
3875,0.0
3876,0.0
12611,0.000288866160258282
12861,0.0
3878,0.0
10062,0.000600762033011266
12406,0.0006771979778040013
16584,1.708108282434471e-06
4814,0.0010345980206041383
5787,0.0022068631256253477
6064,8.665947844581797e-05
9439,8.665947844581797e-05
10907,0.0
16575,0.002979596529108566
19179,0.0005893163597401382
21491,0.0051033933076056765
22393,0.000503654515865988
3910,0.0
5352,3.5328582365661172e-06
5729,0.0
10490,0.0021895672283039807
10588,0.0037847318875592908
24614,0.0008372774517902183
3917,0.0
18398,0.0
3927,0.0
3937,0.0001112864576468547
9522,0.0022216466835656263
3946,0.0
3948,0.0
4013,0.0023981934157775594
16640,0.0011299181670184758
3953,0.0018137963881375706
17163,0.0
22119,0.0022278985975424156
22954,0.0
3955,0.0
10532,0.0010194707275046054
3964,0.0
9414,0.0
12640,0.0
19890,0.0007327667660232797
3980,0.0
16962,0.0
3982,0.0
3989,0.0
17471,0.0
3990,0.0
15166,0.0
5631,0.0
16067,0.0
19569,0.0
3998,0.0003026635264233415
8513,0.0
10497,0.0
3999,0.0
4000,0.0
13196,0.0007589420899452244
7154,0.007443827961149367
10878,0.00031423956802659154
21289,0.0
4017,0.0
7888,0.0
17291,0.0
4019,0.0
5626,0.0
24957,0.0
4021,0.0
4826,0.0
26022,0.0
4023,0.00010197614779507
20647,0.0004315543580034567
22394,0.0
4032,0.0
4033,0.0
20782,0.0
23730,0.0
4034,0.0
9715,4.369540804956807e-07
9717,0.0
4036,0.0006508962566081651
13032,0.0
4037,0.0
9327,0.0006051814014865177
25663,0.0
4038,0.0
7058,0.0
23811,0.0
4046,0.0
4051,7.282568008261345e-08
21187,0.0
21313,2.913027203304538e-07
26092,3.6412840041306725e-07
4052,0.0
4068,0.0016259557641829265
9993,0.0001279781220236705
13929,0.02465268472568475
16414,0.004750921313288272
21994,0.0023661886648458906
22699,0.0008924940430843664
23806,0.0
25569,0.0013866932248965337
25698,0.00417709483324793
4080,4.7847450787568465e-05
14747,0.0
19324,4.7847450787568465e-05
4081,0.0
4275,0.0009075536251895288
13625,0.0
24471,0.0
10376,4.207807452388906e-05
15325,1.6104419252692403e-07
4103,0.0
12312,0.0
4104,0.0
4431,0.0
18995,0.0
25607,0.001322321655693073
4110,7.282568008261345e-08
16523,0.0
17696,0.0
4115,4.8550453388408966e-08
12938,5.866317745974295e-06
23511,0.0
25528,0.0
25836,5.927005812709805e-06
4116,0.0
24214,0.0
4117,0.0
16471,0.0
4128,0.0
22253,1.456513601652269e-07
16498,0.00040720536843857045
4139,0.0
12720,0.0014252688583274622
20002,0.0
4141,7.282568008261345e-08
9267,0.0
13859,0.0015122252469154682
17755,0.0
22395,0.0
4143,4.3510578598255694e-05
5216,3.6124324225470956e-06
11293,0.003028272336173696
17127,0.0
21466,0.000988509141835267
25718,0.0
4144,0.0
18596,0.0
23771,0.0
4148,0.0
9863,0.0
8922,0.0
9283,0.002064531006745965
9488,0.0
17182,0.0
18681,0.00031517212697943577
4673,0.002730654789555022
4181,0.0
17992,0.0
4183,0.0
4186,0.0
13675,0.0
5829,0.0
4195,0.0002779189580285504
8737,0.0
13862,0.0
24402,0.0006051814014865177
4196,0.0
15401,0.0
4199,0.0
6443,0.0
19932,0.0
25864,0.0
4211,0.00043616874401128115
5392,0.00022307234743076175
7104,0.0
7541,0.00022307234743076175
11670,0.00034675890540608785
11876,6.8223109198349e-05
17808,0.0
24121,7.051141862576811e-06
25962,0.0
4213,0.0006051814014865176
18094,0.00030266352642334144
20645,0.0
5227,0.0
7015,0.0
10476,0.0016451726320524276
12852,0.0
16333,0.0
16347,0.0008694702293501123
21705,0.00044199597179334435
4242,0.0
8222,0.00010759480168214549
21495,0.0003692326681139446
4247,0.0
4250,0.0
11400,0.007587838476210142
4249,0.0
4252,0.0
24451,7.282568008261345e-08
4254,0.0
9337,0.0
4255,0.0
4771,7.424920379320616e-05
5251,7.424920379320616e-05
18256,0.0005267549447507874
18337,0.0005267549447507874
4259,0.0
13486,0.0
18688,0.0
4261,0.0
4262,0.0
20333,0.0
4263,0.0
6859,0.0
9037,0.0020727097090705066
18282,0.0
4265,0.0
5267,0.0
5271,7.282568008261345e-08
4273,0.0
5259,8.080491226371099e-05
10022,0.0015118611185150552
17878,0.0
4276,0.0
4278,0.0
18183,0.0
4283,0.0
4289,0.0
4290,0.0
23836,0.0024736809963510588
4293,0.0001801083766651836
6303,1.9761370187198095e-05
24489,0.0015441258393057399
25304,0.00044599097948814386
17274,0.0
18941,0.0
4301,0.0
4302,0.0
8475,0.0
19022,0.0008136386102692753
26181,0.0
4319,0.00015129535037162944
5255,0.0
12758,0.00015129535037162944
15770,0.0012099986745726225
16107,0.0
26171,0.0
17345,0.0
20231,0.0
12696,0.0
4372,0.0
10880,0.0
4376,0.00017495155610690105
18246,0.0
25209,0.00024982979576913393
23623,0.0
4380,0.0
16756,0.0
4382,0.0
4383,0.0
14344,0.00015167124346720517
15192,0.0
20902,0.0003454779110818103
4422,0.0006187822504120705
24332,0.0
4425,0.000907699276549694
13387,0.0
14639,0.0
22048,0.0
4428,0.0
4432,0.0
14763,0.0
4433,0.0
7695,0.0
8595,0.0
12106,0.0
14691,0.0
4446,0.0
19316,0.0
4451,0.0
20303,0.0017994238092351588
4467,0.0
4819,0.0003026635264233415
4472,0.0012497192609288374
5634,6.171024828854922e-05
6376,0.0
7072,0.0
18234,0.0
4485,0.0
12616,0.0
16266,0.0
4495,0.0
6350,1.0438347478507927e-06
18174,0.0
18105,0.0
24762,0.0009961084017703385
8211,0.0
12373,0.0
13740,0.0017693593586365548
17308,0.0
22476,0.0018562309842590728
4554,0.0003026635264233415
20174,0.0
4635,0.0
4782,0.0
15582,0.0
16953,5.13918200607878e-06
17472,0.0
19356,0.0
19707,0.0
21930,0.0
24835,0.0002475827612144825
4576,0.0
4583,0.00033993392373999313
19084,0.0018141605165379836
4624,0.005350656780366685
5355,0.0
6863,0.0
21322,0.0
22336,0.002656488487641692
23099,0.0
23880,0.0015261667108701234
25111,0.0004745374674550166
4625,0.0
12286,0.0014363405753393455
4630,0.0
9921,0.0
10672,0.0
12512,0.0
4633,0.0
18415,1.8934676821479496e-06
4640,0.0
19248,0.0
4641,0.0
17937,0.0
22224,0.0012101443259327877
4642,0.0
18109,0.00046522807417713946
4643,0.0
20320,0.0
4650,0.0003462999483108469
6280,0.0009799497518728553
4656,0.0
18196,0.0
23303,0.0
6703,0.0
7475,0.0002280090834944688
12687,0.0036286775137487695
12803,0.0
15596,0.0
17592,0.0
18920,0.0017249349055238838
4685,0.0
24640,2.1847704024784035e-07
4700,0.0
5606,0.0
4702,0.0
19784,0.0
4712,0.0
18065,0.0009704226887287542
25668,0.0
23240,0.0
4750,0.0
19147,0.0
4759,0.0
24860,0.00033144289841030133
4760,0.0
4766,0.0
18613,0.0
4774,0.0
5673,0.0
16717,0.00028381297994549783
19603,0.0
4775,0.0
20229,0.0
22483,0.0014103831370756278
4777,2.1847704024784035e-07
15396,0.0
18238,0.0
19064,0.0
26180,0.0
4781,6.725064259342721e-05
19697,0.0005063593118098971
19781,0.0015755374612196125
23429,0.00058254274174826
4793,0.0007759950776110459
16553,0.0
16565,0.0
22964,0.0
17991,0.0
8161,9.408560953472243e-06
12054,0.0
19109,0.00016745196246351247
21468,0.0
23246,0.00020236509348500398
4822,0.0
18600,0.001203137834322827
8037,0.0
14621,0.0
19608,0.0
4836,0.0
5672,0.0
4847,0.0
10842,0.0
12739,0.0009776263660289815
25056,0.00038991237629949115
25827,3.7292619242024216e-05
4870,0.0
8282,0.0
4875,0.0024172299733021055
11284,0.0015635920048463169
11844,0.0021155860063999206
4877,0.0
7459,0.004956552615282135
24932,0.0042240350961517455
4878,0.0
11967,0.0006051814014865177
9095,0.0
12043,0.0
18742,0.0
22890,0.0003026635264233415
26044,0.0
5125,0.00017823497928899136
8134,0.0004045672577604421
11899,0.0
16159,0.0007743835069549095
16162,0.0020607036633048764
16475,0.0
16899,0.0017488240431258806
19167,0.0
19387,0.0003026635264233415
21727,0.0
23409,0.0
23863,0.00013870410922277472
25565,0.0006073694327486658
4954,0.0
4955,0.0
4958,0.0
10884,0.0
16353,0.0
4960,0.0
4967,0.0
22109,0.0
4975,0.0006451114543188078
6941,0.0005943574054590784
24140,0.0
4983,0.0
4988,0.0
17125,0.0
5740,0.0
15159,0.00018179063102916296
16741,0.002588552533821608
18235,0.0
18549,0.0
20595,0.006540381556842931
24731,0.0
5055,0.0
5059,0.0
21530,7.282568008261345e-08
5060,0.0
5061,0.0
5062,0.0
9426,0.0006052542271666004
15683,0.0
19923,0.0
20664,0.0
21824,0.0
25359,0.0
5078,0.003005676113068065
10346,0.00015144100173179466
15687,0.00015122252469154684
19143,0.0
19383,0.0
21130,0.000907699276549694
5081,0.0
12256,7.282568008261345e-08
5083,0.0
5084,0.0
8711,0.0
5116,0.0003523302384071698
7615,0.002367177986430172
10996,0.0005358073566910197
14864,0.002201471388624296
15657,0.0
19080,7.353840321284727e-06
20427,0.00011135624969058068
5119,0.0
10517,0.0
5136,0.0
5137,0.0
6884,0.0
5144,0.0
14159,0.0
24852,1.456513601652269e-07
5156,9.467338410739748e-07
7483,0.0
10904,0.0
12707,0.0
14282,3.6412840041306725e-07
17933,0.0
5166,0.000271700748324531
14308,0.0005765397763628842
5181,0.003622349327309193
5435,0.0
18091,0.0
23559,0.0
24456,0.0
13635,0.003323181433529817
5182,0.0
13311,0.0
5184,0.0
8643,0.0
21779,0.0
7090,6.099014171971344e-05
8774,0.000942601558210969
13647,0.0006277133554668826
5211,0.0
11028,0.0
21171,0.0
22730,0.0
5212,0.0
6628,0.0
19015,0.0
19444,0.0
25139,0.0
20155,0.0
5218,0.0
7601,0.0
7010,0.0003026635264233415
7506,0.00015129535037162944
9312,0.00015129535037162944
20781,0.0
5228,0.0
16971,0.0
20170,0.0
5230,0.00040539895026969915
5231,0.0
22110,0.0
5232,0.0
14845,0.0
19521,0.0
5240,0.002784653062377354
8074,0.001610866187922381
9074,0.0006051814014865177
12425,0.0012097801975323747
18275,0.0
20636,0.0
5241,0.0
5246,0.000336086619030127
12337,0.0
5256,0.0
5257,0.0
22827,0.0
5260,0.0
5261,0.0
6282,0.0
5262,0.0
6030,0.0008839950072744336
7597,0.0
20421,0.0008065869914679449
20787,7.970311739229901e-05
25050,0.0002721502156618626
7899,0.00041287269237591
6864,0.0
12971,0.0
20886,0.0
23214,0.000907699276549694
23298,0.0
24939,0.0010740101828063415
25215,0.001210071500252705
5360,0.0
5361,0.0
5843,0.0003026635264233415
17122,0.0
5364,0.0
12050,0.0
5365,0.0
5367,0.0
14983,0.0
19144,0.0
12678,0.0007442201012362924
16568,0.00047150850681943737
18723,0.0003026635264233415
21090,0.0
24589,8.575836913321888e-05
5387,0.0
18156,0.0
17665,0.00013914418135702186
17688,5.060536961097965e-05
5395,0.0
11141,0.00010499109142783743
5400,0.0
5402,0.0
18297,0.0009980966594620568
5406,0.0
22435,0.0
5408,0.0
19609,0.0
5409,0.0
8623,0.0
5411,0.0
10390,0.0
11186,0.0
5413,0.0
5415,0.0
5417,0.0
13352,0.00175441621942279
20513,0.0
16224,0.0
24161,0.0
5427,0.0
5432,0.0
14302,7.282568008261345e-08
5434,4.767843624044821e-06
8517,0.00016531989718856797
16115,1.5115270091762354e-05
10623,0.0003372882442586037
21665,0.0
5444,0.0
13931,3.6412840041306725e-08
21608,0.00157424905588383
5445,0.0
5446,0.0
5632,0.0
20433,0.0
5464,0.0011135683758026905
7774,4.384319417896697e-05
13653,0.0
18008,0.0003026635264233415
22599,0.0
5465,0.0
18141,0.0
20663,0.0
5466,0.0
15641,1.456513601652269e-07
5469,0.0
5575,0.0
16624,0.0
5477,0.0003026635264233415
13497,0.0
14496,0.0006051814014865177
5478,0.0
5738,1.1652108813218152e-06
6538,1.1652108813218152e-06
5479,0.0
21018,0.0
5481,0.0
5483,0.0
8641,0.0004537768125947644
19922,0.0004537768125947644
5485,0.0003026635264233415
23870,0.0002712964673682601
25229,0.0
5486,0.0
8366,0.0
8877,0.0
5490,0.0
8474,0.0
5492,0.0
5853,0.0
5503,0.002116459914560912
11213,0.000907699276549694
25877,0.0
5510,0.0009343869467808524
7103,0.0
11964,0.0021571393504746976
13636,0.0
5519,0.0010852296508853216
17818,0.0
23219,0.0
23809,7.87060503529024e-06
26167,0.0
5529,0.0009075536251895288
7247,0.0
9459,0.0
11829,0.0
23558,0.0012097801975323747
5533,0.0
13010,0.00023064308746317033
5542,0.0
5545,0.0
18003,7.282568008261345e-08
5548,0.0
10897,0.0
5555,0.0010188901873486424
11093,0.0003026635264233415
23299,0.0
5571,0.0
13802,0.0
16823,0.0
19553,0.0
5577,0.0
23881,0.0
5579,0.0
6631,0.0
5601,0.0003026635264233415
23064,0.0
11613,0.0
5629,0.000907699276549694
10499,0.0
13029,0.0012097801975323747
16718,0.0
25599,0.0
5636,0.0
6009,0.0
6896,0.0
9736,0.0
5661,0.0
14770,5.826054406609076e-07
7481,3.909671614574025e-05
9338,0.0
12874,0.0001677196191945238
15175,0.0
19527,0.0002000277058313828
5697,0.0
14358,0.0
5698,0.0
12641,0.0
13068,0.0
24453,0.00019180010784547325
11792,0.0
16831,0.0
5730,0.0
5731,0.0
17235,0.0003026635264233415
12042,0.0
17252,0.0
18142,0.0
5767,0.0005898904976171012
19962,0.0
5769,0.0
5774,0.0
10432,7.282568008261345e-08
11806,0.0006051814014865177
20618,0.0003026635264233415
5814,0.0
17690,0.0
13641,0.0
5826,0.0
5830,0.0
19164,0.00014015886432252472
16694,0.0006491346942177228
5839,0.0
7026,0.0
12192,0.0
5849,0.0
11194,0.0006623002936118762
14337,0.001655524706425525
5851,0.0
19642,0.0
16265,0.0
21614,0.0
22722,0.0
6317,0.0
15664,0.0
24734,0.0
25378,0.0043296334635615705
19493,4.4387898402939045e-05
23149,7.83151036051647e-05
7716,0.0
11233,0.0
14090,0.0
18397,0.0
19980,0.0
25541,0.0
5960,0.0
8705,0.0
11662,0.0
14094,0.0
19014,0.0
5973,0.0
12122,0.0
23224,0.0004975192022046416
6008,0.0
9959,0.0
20914,0.0
6010,0.0
22299,2.1752702704135534e-06
6012,0.0
11030,0.0
23946,0.0
25611,0.0
14781,0.0
18972,0.0
25321,0.0
12664,0.0003026635264233415
6037,0.0
17388,7.282568008261345e-08
6039,0.0
20940,0.0013522449650717897
6056,0.0010426682432379075
10910,0.0
16819,0.0
16946,0.0
24034,4.64007788767297e-06
6072,0.0
8887,0.0
6073,0.0
10966,0.00036761616724141145
12187,0.0033784069026888824
6075,1.456513601652269e-07
13932,0.0
14499,0.0
20345,0.0
6076,0.0
7311,0.0
12615,0.0
15163,0.0
15357,0.0006353568363137287
16482,0.001735499689972877
17731,0.0012243832376277195
6079,0.0
19941,0.0
6081,0.0
19358,0.0
6082,0.0
6095,0.0
7446,0.0003026635264233415
25236,0.0
7725,0.0004540771084628865
18399,0.0
19686,0.0
20335,0.0
6156,0.0
14165,0.0011560770300299956
18381,0.0
6158,0.0
23665,0.002734292515482738
24722,0.0
6159,0.0
19554,0.0
24878,0.0
6160,0.0
19475,0.0
6161,0.0
7055,0.0
6170,7.282568008261345e-08
8881,0.0
16609,0.0
6176,0.0
20949,3.6412840041306725e-08
6184,0.0
6185,0.0
6190,0.0
10656,0.0
11403,0.0
25610,0.0
6219,0.0
18160,0.0
6226,0.0
14317,0.0
6229,7.282568008261345e-08
6423,0.0
7647,0.0
9890,0.0
17981,0.0
22225,0.0
6265,0.0
7463,0.0012221564282435392
16227,0.0
17297,0.0003026635264233415
17861,0.0
6291,0.0
6307,0.0
12751,0.0
6316,0.0
16486,0.0
8372,9.710090677681793e-08
11823,0.0
13628,9.710090677681793e-08
15246,0.0
16014,0.0
20332,0.0
23710,0.0
6354,0.0
15188,0.0
6355,0.0
7194,1.8206420020653362e-06
20960,0.0
6356,0.0
20803,7.282568008261345e-08
6380,0.0
6389,0.0
6914,0.0
18279,0.0
6390,0.0
24280,2.4187638684305896e-05
6421,1.3826895747195453e-05
6971,0.0007706517584276101
7264,0.0029732308420068526
8224,4.206549309360242e-05
23441,0.0010173765371062065
16835,0.0
18677,0.0
21696,0.0
25854,0.0
25940,0.0018137963881375708
21162,0.0005834346483148666
25250,0.0007721012330614551
19102,0.0
25449,0.0
6446,0.0
8036,0.0
6455,0.0
14324,0.0003026635264233415
18227,0.0007388071836726628
20772,0.0
12887,0.0
20346,0.0
6513,0.0
25138,0.0
25158,0.0011223185753158403
6530,0.0
6707,0.0
6533,0.0
8155,4.994223454449868e-05
24204,0.0
6534,0.0
9579,6.55431120743521e-07
16040,0.0
10186,0.0
11182,0.0004936161546129252
14497,0.0
18408,0.0087071234586422
18782,0.0002059889533153559
15784,0.0007564017119271153
6626,0.0
10805,0.0
21927,0.0009075536251895288
25628,0.0
6627,0.0
23689,0.0
6629,0.0
6632,0.0
8386,1.6992658685943136e-07
6635,0.0004980700403698498
10925,0.0
15195,0.0
17467,0.0
22778,0.002533617272875267
6641,0.0
6642,0.0
14003,0.0014507719570665953
17277,0.0
18209,0.0
11537,0.00241846800986351
23462,0.0
6667,0.0
10351,0.0
6669,0.0
9865,0.0
21548,0.0
10550,0.0
17331,0.0
22497,0.0
23387,0.0
23907,0.00030812066962957526
6701,0.0
10407,0.0
6702,0.0
6706,0.0
11459,0.0
6709,0.0
16368,0.0036665948301129567
17392,0.0
23503,0.0005599243318045621
13325,1.8206420020653362e-07
14502,1.8206420020653362e-07
20926,0.0
6737,0.0
8526,0.00015129535037162944
23476,0.00015129535037162944
6738,0.0
6744,0.0
9595,0.0
8049,0.0
10243,0.0014285015355291985
10383,0.0
13319,0.0
21583,0.0001244850264301305
6776,0.0
24733,0.0
12260,0.0
18182,0.0004872153995243972
22826,0.0004177720529017132
25491,0.0
25844,0.0
6807,0.0
23883,0.00010024303143205684
6808,0.0
7802,0.0
22108,1.0923852012392017e-07
23555,0.0
6810,0.0
17739,0.0
12411,0.00013252467062723522
12645,0.0
16803,0.0
10247,0.0
6828,0.0
6835,0.0
14854,0.0003026635264233415
6858,0.0
8148,0.0
15366,0.0
6878,0.000907699276549694
11528,0.0003026635264233415
22244,0.0
6895,0.0
6904,9.893838372281088e-05
6919,0.0
20683,0.0005979812685922486
25382,1.9064048855071202e-05
25419,0.00012661806981732396
10850,0.0
18983,0.00045045304512660885
6943,0.0
22748,0.0
6944,0.0
12660,0.0
14372,0.0
26178,0.0
11572,7.082814994392545e-06
16696,0.0
21630,0.0
7069,0.0007014555362444962
9098,0.0
14638,0.0017936538258937857
21723,0.001792486998725208
24587,0.0
19247,0.0
7014,0.0
7024,0.0
17393,0.0
7025,0.0
7038,0.0
7039,0.0
12166,0.0
25783,8.642993099056298e-05
7042,6.83964286102495e-05
9269,0.0
10113,0.0010847562771219299
7045,0.0021373828361838983
7046,0.0
14710,0.0
15682,0.0
16415,0.0
17157,0.0
19900,0.00038914597574265397
20947,0.00016502022115442015
23093,0.0
7050,0.0007055689542168618
10657,0.0
10794,0.0
12130,0.0033935714665714873
17172,0.0004071627779949393
25850,0.0
16485,0.0
9629,0.0015286817791832516
9984,0.0
16006,0.0020408328305117087
16011,0.0
22929,0.0
22993,0.0
7088,0.0
7546,0.0006052542271666004
7093,0.0
22375,3.6412840041306725e-08
7094,0.0
21293,0.0003026635264233415
7095,0.0
7126,0.0
11047,0.0006052542271666004
15252,0.0
7209,9.660787500276073e-07
18605,0.0
7542,0.0
15322,0.0
18447,0.0
25354,0.00014945647814792055
7206,0.0
7246,0.0
17240,0.0
7383,0.003888793472574349
8305,0.0
13282,7.243858522338847e-05
15917,5.750454089991216e-05
21287,0.0006188463352043563
22771,0.0
7267,0.0
7280,0.0
20309,0.0
7277,0.0009064999302630625
13389,0.0
15960,0.0
16766,0.0
19089,1.0802475878920995e-06
20033,6.927294349856741e-06
7278,0.0
12324,0.00021647006398770063
15663,0.0
16937,0.0
18788,0.00025590237742305165
20258,0.0
21944,0.0
21968,0.0038140729457964914
7309,0.0
8815,0.0003026635264233415
14558,0.0
15306,0.0
15400,0.0
17268,0.0005436881426672906
7356,0.0
15572,0.0
15625,0.0
18790,0.0
7384,0.0
19445,0.0
19495,0.0
16155,0.0
7452,0.0
12786,0.0003301733858689275
13673,0.001237727011058458
7468,0.0
10002,0.0
23673,0.0
7477,0.0
19257,0.0
22961,0.0
13390,0.0
7482,0.0
15681,7.282568008261345e-08
13528,0.0
14628,0.0
25872,0.0
8728,0.0
7522,2.7669022972025526e-05
10096,0.005164890442206805
7523,0.0
10338,4.126788538014762e-07
12458,4.8550453388408966e-08
19378,4.8550453388408966e-08
7524,0.0
8721,0.00016801270124730446
15005,0.00016801270124730446
15372,0.0007214422743292563
16022,0.00016801270124730446
18685,0.0
22083,0.0
25189,0.0003026635264233415
7534,0.0
7536,0.0
7543,0.0
19466,0.0
24128,0.0
18366,0.0
25217,0.0
15186,0.0
24248,0.0
7573,0.0
7584,0.0003026635264233415
18097,0.0
7585,0.0
13415,0.0
15386,0.0
7588,0.0
7590,0.0
7592,0.0003026635264233415
11926,0.0
7594,0.0
7595,0.0
8118,0.0
16335,0.0
19078,4.903148592886241e-05
7632,0.0
14170,0.0
20414,1.456513601652269e-07
7636,0.0
12554,0.0
7638,0.0
7648,0.0
7645,0.0010347674933680715
12158,0.0
17612,0.0029371698594017953
19256,0.0
9133,0.0
9895,0.0
9907,0.0006591768846274837
11791,0.0003026635264233415
18457,0.0
19131,0.0
19997,0.0
25316,0.0012233615910006625
10969,0.0
13321,0.0
16958,0.0
23346,0.0
7713,0.0
19052,0.0
7718,0.0
19502,0.0
23970,0.0
15399,0.0003026635264233415
23227,0.0
7769,0.0
17118,0.0
7772,0.0
25988,0.0
7807,0.0
11828,0.0
19544,0.0
16726,0.0
7854,0.0
17006,0.0015118611185150552
7857,0.0003026635264233415
11968,0.0
12704,0.0
7863,0.0
8596,0.0
15422,0.0
7878,0.0
11231,0.0024334144731300153
17575,0.0
17683,0.0
25486,0.0004823230447091792
7885,0.0003026635264233415
19551,0.0006051814014865177
22190,0.0
9360,0.004250463264423509
18037,0.0
7895,0.0003026635264233415
23267,0.0
10918,2.4269304625645937e-05
19723,0.00034876376828954514
21515,0.0
21523,0.0
7957,0.0
18895,0.0
7958,0.0
25130,1.456513601652269e-07
16872,0.0003026635264233415
8000,0.0
8053,0.0
8054,0.0
24504,0.0
8055,0.0
18880,0.0
8069,0.0003026635264233415
22888,0.0
8071,0.0
21024,6.55431120743521e-07
14541,0.0
8077,0.0
13022,0.0
22309,5.3350264332697294e-05
25977,0.0
13999,0.0002657338203749184
22738,7.65969476304602e-06
16213,0.0
24870,4.861118699796996e-05
8146,0.0
21028,0.0
8147,0.0
8153,0.0
15182,0.0
16728,0.0
22319,0.0
23424,0.0
8156,0.0
17848,0.0
8179,0.0
8193,0.0
19739,0.0
20568,0.0
8200,0.0
12302,0.0
8206,0.0
8208,0.0003246507465215884
25379,0.0
8219,0.0
9265,0.0
20341,0.0
21560,0.0
8255,0.0
24575,7.282568008261345e-08
20662,0.0
22837,0.0
8263,4.369540804956807e-07
17882,0.0
25957,1.310862241487042e-06
15418,0.0
8299,0.0
8302,0.0
16484,0.0
8308,0.0
8557,2.1847704024784035e-07
25112,0.0
13322,0.0
13529,0.0
8336,0.0
24464,0.0
8352,4.398262772241938e-05
8365,0.0011785605929670276
8376,0.0
8888,0.0
13067,0.00019973312586872658
16128,1.8741150499388e-05
18875,0.0011332609623788635
23302,0.0
8367,0.0
8374,0.0
17465,0.0
8378,0.0
9391,0.0
8395,0.0
8725,0.0
11054,0.0
8398,0.0003026635264233415
9867,0.0
8404,0.0
25853,0.0
8428,1.456513601652269e-07
10637,0.0
18603,0.0
21340,0.0
8437,0.0
12071,0.0
8441,0.0
8443,0.0
15248,0.0
17595,2.913027203304538e-07
25649,0.0
25839,0.0
8449,0.0
13490,0.0
19528,0.0
8452,0.0
13483,0.0
14711,0.0
8476,0.0
18867,0.0
24943,0.0
8504,0.0
8505,0.0
16647,0.0013199616424395615
22503,0.0
8512,0.0
25492,0.0
25511,0.0
18648,7.872372689341514e-05
8530,2.913027203304538e-07
21144,0.0
8534,0.0
8676,0.0
8538,0.0
25545,1.456513601652269e-07
8553,0.0
21288,0.0
26191,0.0
8558,0.0
13717,0.0
19090,0.0
24582,0.0
8593,0.0
17923,8.493774684421204e-06
10822,0.0
14004,0.0
20001,0.0
23481,0.0
8629,0.0
16483,0.0
8630,0.0
18884,0.0
22727,0.0
11910,4.717669152866438e-05
23477,0.0
8669,0.0
9038,0.0
12213,0.0
13558,0.0
21710,0.0
22318,0.0
24888,0.0
8671,0.0
8678,0.0003026635264233415
15626,0.0
8680,2.1349456041392107e-05
20344,0.0
23385,0.0
25868,0.0
26170,0.00012882488954548945
8704,0.0
17591,0.0
8708,0.0
23776,0.0
8710,0.0
8715,6.491057176898651e-05
25582,0.0018143789935782316
8717,0.0
10638,0.0
8718,0.0
20432,0.0009075900380295702
8726,0.0
15196,0.0
8730,0.0
8732,0.0
16659,0.0
22377,0.0
8735,0.0
25062,0.0
8738,0.0
13031,1.456513601652269e-07
13334,0.0
8739,0.0
13357,1.456513601652269e-07
25115,0.0
9273,6.27274358163974e-05
9937,4.088122791757789e-05
12149,0.0
13864,0.0
15669,0.0
22696,0.0
22975,3.9578527042860275e-05
23552,0.0007531103324239334
8787,0.0
21830,0.0009075536251895287
8811,0.0
22021,0.0
13604,0.0
10500,0.0
17546,0.0
22466,0.0
25159,0.0
11522,7.282568008261345e-08
8864,0.0
16131,0.0
16280,0.0
17137,0.0
8869,0.0
8870,0.0
8871,0.0
17090,0.0
25557,0.0006051814014865177
8876,0.00030279097136348606
10990,0.0
8891,0.0
11893,0.0
25667,0.0
8932,0.0
9188,1.8071486712417057e-05
9773,0.0
13713,0.0
19738,0.0019365352275083425
8920,0.0
8925,0.0003026635264233415
16505,0.001813869213817653
20255,0.0
21450,0.0006052542271666004
8969,0.0
13355,0.00037172245912949473
8970,0.0
15187,0.0
8976,0.0003026635264233415
25176,0.0
8978,0.0
15170,0.0
16589,0.0003473958254046409
9023,0.0
11444,0.00025763992472171174
20806,0.0
23758,0.0
9026,0.0
22404,7.282568008261345e-08
9039,0.0
11911,0.0
9053,0.0
12504,0.0
11979,0.00010440530299143373
17114,0.0
20489,0.0
9075,0.0
15942,0.0
9092,0.0001061002556623807
9093,0.0
11112,0.0003026635264233415
9094,0.0
19061,0.0
9103,0.0
24877,0.0010242650344612515
9125,0.0
15321,0.0012685373101436934
15943,0.0
9126,0.0
11610,0.0
9128,0.0
9130,0.0
25095,0.0
9135,0.0
9138,0.0
9143,0.00024108666819907339
10381,0.0011494810886287469
14647,0.0
9147,0.0
9149,0.0
17346,0.0
20319,0.0
9151,0.0
16332,0.0
17827,0.0
19940,0.0
21646,0.0008870757186502644
9211,0.0
13413,0.0
9217,0.0
9224,3.6412840041306725e-08
10154,0.0
11410,0.0
16830,3.6412840041306725e-08
11923,0.0
9255,9.620802476075956e-05
20065,0.0
9264,0.003622349327309193
12614,0.0
15495,0.001057028333559093
17426,0.0
24970,0.0016622097350456107
9266,0.0
11066,0.00038921223238874616
10841,0.0027071680683421586
25143,8.870678966758408e-05
12160,0.0
19809,0.0
9314,0.0
9325,0.0006498080809864717
11379,0.0003943477148802388
12712,0.0003026635264233415
17764,9.750343485147616e-05
21409,1.4982948907519954e-05
9335,0.0
12380,0.0006052542271666004
22765,0.0
9387,0.0
9392,0.0
18612,5.441073555210586e-05
9417,4.593226759062032e-05
9419,0.0
19881,0.0
9441,0.0
10388,0.0003026635264233415
14967,0.001330599152493931
16719,0.0
17016,0.0
17944,2.1612266337639473e-05
20884,0.0
18910,0.0
21027,0.00047061076434516344
9483,0.0
9486,0.0
9491,3.609983889429816e-05
9504,0.0
22436,0.0
9514,0.0
9517,0.0
20169,0.0
9721,0.0003026635264233415
10158,0.0
13600,0.0
21316,0.0
22900,0.0
25601,0.0
25980,0.0
11561,0.0
16932,0.0
19451,0.0
22381,0.0
13704,0.0
9597,0.0
9943,0.0002964092946247372
11629,1.1991069472958667e-05
17099,0.0
23063,0.0
9618,0.0
11285,0.0
12193,0.0
10543,0.0003149403189145252
10967,0.0
16336,0.0
20435,0.0
20479,0.0
21433,0.0
9630,0.0
10252,0.0
16820,0.0
9649,1.9650576054673953e-05
17294,0.0
9659,0.00024565035901329347
25598,0.0
25661,0.0
10463,0.0
10526,0.0
11788,0.0
14818,0.00025740510518055734
17746,0.0008397293811252586
18189,0.0
21438,0.0
22611,0.0
9712,3.6386028171265444e-05
19110,0.0
9735,0.0004205405650410365
26138,0.0
24163,0.0
9759,0.0
9769,0.0
14932,4.6418182872339154e-05
22489,0.0
10354,0.0
18905,0.0
21563,0.0
9831,0.0
12473,0.0
9832,0.0
11279,0.0
17750,3.6412840041306725e-07
12370,0.0
16853,0.0
9871,0.0
17179,0.0
24816,0.0
9893,0.0
20526,0.0003026635264233415
16010,4.103665724632069e-05
17086,0.0003026635264233415
25585,0.0
9913,8.527334875852943e-05
9922,0.0
12268,2.2639380099047308e-07
16357,0.00040253071605042534
22188,1.6972369000118668e-06
23110,9.651868800065505e-06
9944,0.0
9946,0.0
11495,2.8075814292571897e-05
22428,0.0
9979,0.0
15898,0.0003026635264233415
9983,0.0
9986,0.0
9987,0.0
9988,0.0
14620,0.0
9994,0.0
17276,0.0
18383,0.0
10000,0.0
10004,0.0009829515760444486
17306,0.00034175654164543415
25234,0.0
10026,0.0
15316,2.6031051441375067e-05
12763,0.0
19605,0.0
15127,0.0
17754,0.0003026635264233415
18524,0.0
16102,0.0
16270,0.00015101574729531483
22463,0.0
13291,0.0
20547,0.0
20792,0.0
11734,0.0
16495,0.00010356129597516207
21167,0.0
15614,0.00017585398272677364
10115,7.282568008261345e-08
10134,0.0
23916,0.0
10116,0.0
20236,0.0003026635264233415
10133,0.0
18218,0.0
10148,0.0
10847,0.0
10183,0.0
11077,0.0038596887678476535
24620,0.0002781456905220593
10246,0.0
10253,0.0
14982,0.0
24372,0.0
11816,0.0
12460,0.0
14844,0.0
16651,0.0
10352,0.0
10356,0.0
19062,0.0
22721,0.0
10382,0.0
25482,0.0
16891,0.0
10438,0.0
20558,0.0
10445,0.0003026635264233415
21594,0.0
10446,0.0
12291,0.0
12639,0.0
13292,0.0
13320,0.0
10467,0.0006051814014865177
13175,0.0
21816,0.0
10468,0.0
10478,0.0
10501,0.0
10513,7.282568008261345e-08
25059,0.0
25595,0.0
10522,0.0
10561,0.0
10524,0.0
11223,0.0003376343388554808
14970,0.0
10552,0.0
10559,0.0
18245,0.0
21657,0.0
13493,0.0
23394,0.00030306406766379587
24002,0.0
10602,0.0
20805,0.0
10620,0.0001839248751439939
21324,0.0004599402402897199
22530,0.0
10640,0.0
15247,0.0
10676,0.0
24961,0.0
10684,0.0
18745,0.0
18758,0.0
21497,0.0
10719,0.0009075536251895288
11032,0.0012097801975323747
11034,0.0
18764,0.0
22433,0.0
13521,0.0
18784,0.0
11491,0.0
19807,0.0
10763,0.0
13705,0.0
17821,0.0
20536,0.0
11902,0.0006052542271666004
19146,0.0
23622,0.0
25057,0.0
10807,0.0
14093,0.0015740200204765152
10818,0.0
11016,0.0
25596,0.0
10825,0.0
24252,0.0
17990,0.00027207597749091394
26020,0.0
10879,0.0
11925,0.0
15082,0.0
20086,0.0003026635264233415
21100,0.0003212970154356799
21772,0.0
10912,0.00015129535037162944
11638,0.0
22836,0.00015129535037162944
20253,0.0
11607,0.0
19351,0.0
10936,2.1847704024784035e-07
19509,0.0
19510,0.0
23687,0.0
11602,0.00024514404773388866
12868,0.0
17161,0.0
17180,0.0
18154,0.0
10986,0.0
10991,0.0
11002,0.0
20129,0.0005660958284590093
11009,7.282568008261345e-07
20157,0.0
21344,8.739081609913614e-07
22990,0.0
23471,0.0
11012,0.0
23775,0.0
25089,0.0006051814014865177
21165,0.0
11017,0.0
19013,0.0
11035,0.0
25856,0.0
11442,0.00037760374303045315
16091,0.0
26168,0.0
11053,0.0
14972,0.0
17158,0.0
17162,0.0
17403,7.282568008261345e-08
20149,0.0
20519,0.0
21389,1.3351374681812463e-07
22951,0.0017811319281435497
23912,0.0
23918,2.4275226694204483e-08
25589,0.0
15172,0.0
11113,0.0
11120,2.1847704024784035e-07
16340,0.0
17851,0.0
20233,0.0
11121,0.0
19447,0.0
11152,0.0
15616,0.0
23683,0.0
14325,0.0
16511,0.0004442924119082683
11878,0.0
18557,0.0003026635264233415
11215,0.0
23156,0.0
11216,0.0
19598,7.282568008261345e-08
18489,0.0
20554,0.0
21777,0.0
11325,0.0003856607153942516
15938,1.3874165388000974e-05
17126,0.0
25729,0.0006893795892885177
11328,0.00018373859480237667
11405,0.0
25719,0.0
11402,0.0
11411,0.0
24242,0.0
11426,0.0006052542271666004
21131,0.0
23859,0.0
11427,0.0
13651,0.0
23266,0.0
21613,0.0003026999392633828
22087,0.0
22839,0.0
11462,0.0
17141,0.0
11467,0.0
19575,0.0
11468,0.0
17804,3.6412840041306725e-08
11470,0.0
25091,0.0
11903,0.0
22285,0.0
22129,0.0
25387,0.0
19450,0.0
17986,0.0
21190,0.0003026635264233415
18145,0.0
21799,0.0
11563,0.0
11566,0.0
11808,0.0
18560,0.0
11579,0.0
15073,0.0
11583,0.0
19927,0.00037669892728149705
11593,0.0
20616,0.0
11616,0.0
14662,0.0
11617,0.0
11623,0.0
23621,0.0
11951,8.779485581797254e-05
11630,0.0
11631,0.0
11640,0.0001260808680728288
11641,0.0
24462,0.0
11642,0.0
25230,0.0
21142,0.0
18445,0.0
11700,0.0
16106,1.803066671175131e-05
17670,1.803066671175131e-05
19234,0.0
19724,0.0
11713,0.0
11718,0.0
20766,0.0
11719,0.0
11721,0.0
12151,0.0
15221,0.0
25615,0.0
11820,0.0
17019,0.0
17121,0.0
22372,0.0
19060,0.0
22290,0.0
24113,0.0
11812,0.0
18217,0.00010863994970303213
11821,0.0
21469,0.0
11822,0.0
11841,0.0
17463,0.0
19093,0.0013835585260529109
21550,0.0
24220,0.0
25179,0.0
25553,0.0
25554,0.0
11863,0.0
11865,0.0
11879,0.0
14985,0.0
11892,0.0
11898,0.0
21029,0.0
11924,0.0
11944,0.0
16429,0.0004947123768752492
11971,0.0
25211,0.0
21584,0.0
12041,0.0
14384,0.0
12045,0.0
12046,0.0
12049,0.0
17382,0.0
12056,0.0
23420,0.0
12112,0.0
17440,0.0
12113,0.0
12121,0.0
13034,0.0
13749,0.0011035067050174448
22621,0.0
22693,0.0
23920,0.0
12157,0.0
12161,0.0
19162,0.0
25225,0.0013250769238631322
15206,0.0
18158,0.0001180533352282855
21317,0.0
12252,0.0
17237,0.0
12266,2.7669479728864742e-05
15678,2.7669479728864742e-05
17134,2.7669479728864742e-05
21436,2.7669479728864742e-05
22815,0.0002539810772175022
23146,0.0
23488,2.7669479728864742e-05
23915,2.7669479728864742e-05
25575,2.7669479728864742e-05
12296,0.0
20959,0.0
23423,0.000264784528682296
25125,0.0004146334927836872
12287,0.0
12290,7.282568008261345e-08
17307,0.0
20031,0.0
12295,0.0
12307,0.0
14175,0.0
22980,0.0
12318,0.0003026635264233415
15150,0.0
12320,0.0
12321,0.0
19222,0.0
12369,0.0
22239,0.0
25235,0.0
12387,0.0
19520,3.6412840041306725e-08
23084,5.461926006196009e-07
12389,0.0
17956,6.194762555363113e-05
20375,0.0
18595,0.00029986098381282373
14431,0.0
12422,0.0
24503,0.0
24942,0.0
12498,0.000553447745057799
16084,0.0
19581,0.0
12547,0.0
17588,0.0
13481,0.0
16742,0.0
12612,0.0
19208,0.0
22233,0.0002587046950765598
12617,0.0
12644,0.0
14619,0.0
15191,0.0
12665,0.0
12676,0.0
12688,0.0
12689,0.0
17560,0.0
21697,0.0
25116,0.0
12745,0.0
17817,0.000704975461196325
13388,0.0
12743,0.0
21712,0.0
12749,0.0
12787,0.0
18066,0.0
12798,0.0
12801,0.0
19548,0.0
13624,0.0005666375573106364
17934,0.0
24129,0.0
12860,0.0
21707,0.0
12863,0.0
18390,0.0
12865,0.0
17825,0.0
16070,0.0
16087,0.0
19434,0.0
23944,0.0
24499,0.0
22726,0.0
22966,0.0
20317,0.0
12981,0.0
17174,0.0
17924,0.0
13620,0.0
13035,0.0
16110,0.0
26058,0.0009075536251895288
26130,0.0
13036,0.0
23306,0.0024172299733021055
13177,0.0
13191,0.0
13202,0.0
16703,1.456513601652269e-07
24148,0.00011736180535911255
15409,0.0
15899,0.0
17994,0.0
26021,0.0
25852,0.0
17337,0.0002315464132740943
25911,0.0
13385,0.0
15913,0.0
21152,0.0
15665,0.0
21159,0.0
23137,0.0
13470,0.0
15912,0.0
13485,0.0
13496,0.0
13498,0.0
17599,0.0
14089,0.0009948529307443324
21699,1.068686462658263e-06
23943,0.0
13616,0.0
13621,0.0
25388,0.0
22487,0.0
25891,0.0
13677,0.0
18288,0.0
23206,0.0
13680,0.0
13682,0.0
16749,0.0
26059,0.0
13683,0.0
21203,0.0003026635264233415
21778,0.0
13684,0.0
18283,0.0
19301,0.0
19978,0.0
15253,0.0
23412,0.0
23681,0.00020252751973416603
25443,0.0
19206,2.3939005688488956e-06
13815,0.0
13832,0.0
20053,0.0
15685,0.0
17135,0.0
22189,0.0
22811,0.0
22899,0.00011747906579450181
23509,8.546774910887456e-06
25562,1.5117247384793334e-05
21549,0.0
18193,0.000653013917220127
13970,0.0
22379,0.0
13990,0.0
18913,1.0923852012392017e-07
15905,0.0
21663,0.0012097801975323747
21016,0.0
21169,0.0
19783,0.0
14132,0.0
15154,0.0
14135,0.0
19126,4.369540804956807e-07
16648,0.0
22199,0.0
19443,0.0
23492,0.0
24708,0.0
14176,0.0
20257,1.8733397769703038e-05
14182,0.0
17537,0.0
15251,0.0
16261,0.0
17156,0.0
18622,0.0
19525,0.0
21866,0.0
23721,0.0
14286,0.0002106511646191538
22806,0.00030277276494346543
14316,0.00046801420879710845
22254,0.0
16945,0.0
21157,0.0
14338,0.0
22729,0.0
14339,0.0
18608,7.282568008261345e-08
14345,0.0
14346,0.0
14371,0.0
18684,0.0003026635264233415
14559,0.0
25437,0.0
14543,0.0
21221,0.0
14547,0.0
14562,0.0
16649,0.0
19454,0.0
21587,0.0
14616,0.0
22371,0.0
15907,0.0
21713,0.0
25470,0.0
14771,0.0
24127,0.0
14809,0.0
23248,0.0
14841,0.0
14842,0.0
14843,0.0
20569,0.0
14869,0.0
19580,0.0003026635264233415
22927,0.0
15920,0.0
24583,0.0
14990,0.0
25975,0.0
15007,0.0
17590,0.0
21315,0.0
22770,0.0
22245,0.0
15161,0.0
15171,0.0
15305,0.0012097801975323747
17864,0.0
21195,0.0
23417,0.0
15197,0.0
18195,0.0
15198,0.0
15200,0.0
15205,2.4275226694204483e-08
15666,0.0
15667,0.0
15208,0.0
23759,0.0
15209,0.0
15218,0.0
17585,0.0
18151,0.0
17191,0.0
21547,0.0
15249,0.0
15624,0.0
15259,0.0
25136,7.282568008261345e-08
17950,0.0
18522,0.0
15358,0.0
18036,0.0
18338,0.0
15374,0.0
15553,0.0
15384,0.0
15387,0.0
15388,0.0
16545,0.0
18772,0.0
15415,0.0
15419,0.0
15423,0.0
18144,0.0
15478,0.0
15479,0.0
15583,0.0
17785,1.456513601652269e-07
24272,0.0
15609,0.0
21809,0.0
15617,0.0
15642,0.0
16783,0.0
17563,0.0
15668,0.0
17293,0.0
25614,0.0
26006,0.0
20793,0.0
15688,0.0
22692,0.0
20379,0.0
20776,0.0
15712,0.0
19596,0.0
15715,0.0
15718,0.0
22023,0.0
17589,0.0
15802,0.0
19801,0.0
15824,0.0
22283,0.0
24444,0.0
18558,0.0
15947,0.0
17502,0.0
17740,0.0
15961,0.0
15962,0.0
25447,0.0
15972,0.0
15974,0.0
15977,0.0
22382,0.0
21341,0.0
24060,2.137732826545926e-05
16015,0.0
22938,0.0
16576,0.0
16889,0.0
18521,0.00010839170285595807
21391,0.0
16124,0.0
20807,0.0
24334,0.0
17859,0.0003026635264233415
16177,6.624534139275136e-05
22746,0.0
16225,0.0
16230,0.0
20702,0.0003026635264233415
16235,0.0
23810,0.0
21194,0.0
16262,0.0
16281,0.0
24728,0.0
16312,0.0
16314,0.0
19184,0.0
16338,0.0
21390,0.0
25710,0.000346466305158047
17289,0.0
23092,0.0001191686573874504
25571,0.0
25784,0.0
16470,0.0
17822,0.0
16506,0.0
19023,0.0
16521,0.000639137523331118
20517,3.395612184460395e-05
16554,0.0
19379,0.0
18237,0.0
19219,8.991242976586573e-05
16622,0.0
18454,0.0
16643,0.0
20035,0.0
16675,0.0
16708,0.0002398478902641713
19703,3.9108312739469466e-05
16729,0.0
16751,0.0
16770,0.0
24578,0.00011623421696025736
16818,0.0
16834,0.0006051814014865177
16837,0.0
16858,0.0
17389,0.0
23135,0.0
16922,0.0
20925,0.0
16941,0.0
19313,0.0003026635264233415
20191,1.4647904230173267e-05
21314,0.0
17017,0.0
23264,0.0
17076,0.0
19018,2.1847704024784035e-07
20515,0.0
17131,9.837928503632813e-05
21404,0.0009075536251895288
23215,0.0
17208,0.0
21929,0.0
20533,0.0
22603,0.0
17249,0.0
17275,0.0
24597,0.0
17290,0.0
25219,0.0
17309,0.0
20956,0.0
17341,0.0
17343,0.0
17394,0.0
17395,0.0
17396,0.0
17470,0.0
19221,0.0
21199,0.0
17564,0.0
18597,0.0
25251,0.0
17724,4.369540804956807e-07
25958,0.0
17729,0.00016999205820412215
22976,0.0
25609,0.0
25674,0.0
18628,0.0
17850,0.0
20066,0.0
17865,0.0
17884,0.0
20538,0.0
17939,0.0
17953,0.0
17988,0.0
18001,0.0
18625,0.0
24203,0.0
18032,0.0
19578,0.0
18067,0.0
18125,0.0
19469,0.0
18152,0.0
18161,0.0
18194,0.0
21949,0.0
22879,0.0019402924906145231
26173,0.0
20434,0.0
20331,0.0
22149,0.0
19871,0.0
25526,0.0
18379,0.0
23490,0.0003026635264233415
18388,0.0
20654,0.0
23648,0.0
18417,0.0
19892,0.0
24470,0.0
23901,0.0
21101,0.0
20215,0.0
21333,0.0
18582,0.0
18586,0.0
22816,0.0
18669,0.0
19866,0.0
23418,0.0
18791,0.0
18908,0.0
25531,0.0
18909,0.0
18946,0.0
18973,0.0
19207,0.0
19019,0.0
19051,0.0
20775,0.0
19145,0.0
23760,0.0
19149,0.0
22728,0.0
19168,0.0
19215,0.0
20597,0.0
19244,0.0
19314,0.0
19880,0.0
25496,0.0
25543,0.0
26019,0.0
26048,0.0
20528,0.0
24490,0.0
19457,0.0
19464,0.0
23968,0.0
19473,0.0
23812,0.0
23554,0.0
20260,0.0
19712,0.0
23616,0.0
23989,0.0
21755,0.0
21554,0.0
19903,0.0
19906,0.0
26102,0.0
19909,0.0
23474,0.0
19911,0.0
25487,0.0
19924,0.0
19931,0.0
26132,0.0
24959,0.0
24341,0.0
20084,0.0
22311,0.0
20089,0.0010218914510269166
25358,0.0
20106,0.0
20150,0.0
22312,0.0
25226,0.0
20230,0.0
21031,0.0
23910,0.0
25572,0.0
20537,0.0
20543,3.6412840041306725e-08
21339,0.0
23686,0.0
20620,0.0
20707,0.0
24820,0.0
25231,0.0
25272,0.0
21017,0.0
26042,0.0
21206,0.0
23175,7.282568008261345e-08
22031,0.0
21310,0.0
23786,0.0
25534,0.0
25863,0.0
21546,0.0
21588,0.0
21593,0.0
22325,0.0
21615,0.0
21623,0.0
22605,0.0
21634,0.0
21658,0.0
22203,0.000907699276549694
21660,0.0
21684,3.6412840041306725e-08
22719,2.548898802891471e-07
22720,0.0
24169,0.0
22645,0.0
21814,0.0
21821,0.0
22000,0.0
22088,0.0
22105,7.676269729108424e-05
24506,1.3717865505045414e-06
24595,0.0
22577,0.0
25440,0.0
24114,0.0
25829,0.0
25849,0.0
25934,0.0003026635264233415
23727,0.0
22953,0.0
23950,0.0
25181,0.0
23553,0.0
25662,0.0
23653,0.0
23419,0.0
23480,0.0
23652,0.0
25204,0.0
25903,0.0
25319,0.0
23856,0.0
23866,0.0
24149,0.0
24152,0.0
24160,0.0
25383,0.0
26005,0.0
25114,0.0
