Node_id,Degree
0,155
1,118
2,48
3,4
4,127
5,66
6,51
7,104
8,80
9,115
10,32
11,25
12,55
13,100
14,77
15,34
16,38
17,83
18,45
19,30
20,124
21,45
22,55
23,50
24,70
25,16
26,31
27,29
28,60
29,24
30,35
31,26
32,27
33,10
34,21
35,17
36,36
37,8
38,16
39,62
40,44
41,46
42,26
43,20
44,18
45,22
46,11
47,19
48,22
49,33
50,19
51,39
52,43
53,30
54,41
55,25
56,23
57,22
58,42
59,27
60,63
61,29
62,18
63,27
64,17
65,22
66,11
67,66
68,8
69,44
70,30
71,31
72,31
73,30
74,19
75,20
76,19
77,19
78,16
79,23
80,9
81,8
82,26
83,21
84,6
85,34
86,7
87,17
88,36
89,21
90,15
91,61
92,10
93,10
94,49
95,27
96,34
97,23
98,11
99,28
100,10
101,29
102,10
103,11
104,32
105,23
106,15
107,16
108,16
109,12
110,6
111,6
112,28
113,10
114,5
115,18
116,37
117,14
118,16
119,11
120,10
121,11
122,35
123,13
124,41
125,13
126,26
127,14
128,19
129,7
130,16
131,39
132,15
133,25
134,3
135,23
136,9
137,6
138,23
139,42
140,24
141,8
142,8
143,19
144,5
145,12
146,7
147,19
148,19
149,33
150,18
151,7
152,33
153,16
154,18
155,9
156,14
157,11
158,14
159,17
160,24
161,14
162,5
163,7
164,3
165,15
166,17
167,14
168,15
169,4
170,20
171,16
172,18
173,28
174,11
175,9
176,14
177,25
178,11
179,4
180,13
181,24
182,27
183,3
184,10
185,15
186,42
187,15
188,52
189,26
190,7
191,10
192,11
193,21
194,5
195,11
196,7
197,16
198,3
199,14
200,21
201,20
202,36
203,13
204,11
205,9
206,15
207,19
208,12
209,21
210,14
211,7
212,5
213,3
214,11
215,8
216,10
217,14
218,4
219,10
220,13
221,11
222,15
223,10
224,11
225,20
226,11
227,13
228,8
229,14
230,7
231,5
232,8
233,3
234,21
235,26
236,11
237,5
238,13
239,20
240,12
241,6
242,5
243,26
244,14
245,14
246,17
247,10
248,19
249,12
250,15
251,13
252,14
253,9
254,7
255,30
256,14
257,12
258,3
259,19
260,9
261,10
262,13
263,9
264,12
265,14
266,17
267,13
268,15
269,25
270,4
271,9
272,16
273,19
274,11
275,14
276,9
277,14
278,13
279,18
280,5
281,23
282,7
283,18
284,9
285,5
286,11
287,10
288,18
289,9
290,25
291,17
292,9
293,8
294,13
295,9
296,3
297,11
298,8
299,17
300,9
301,17
302,8
303,11
304,5
305,13
306,8
307,7
308,9
309,11
310,12
311,23
312,6
313,9
314,6
315,8
316,12
317,8
318,3
319,8
320,10
321,4
322,6
323,13
324,9
325,5
326,6
327,11
328,7
329,5
330,22
331,16
332,6
333,6
334,18
335,10
336,9
337,6
338,9
339,17
340,3
341,9
342,13
343,5
344,3
345,11
346,10
347,9
348,12
349,14
350,11
351,20
352,9
353,5
354,11
355,8
356,28
357,13
358,10
359,7
360,17
361,11
362,6
363,8
364,26
365,13
366,13
367,12
368,5
369,19
370,20
371,6
372,4
373,23
374,12
375,17
376,6
377,6
378,3
379,7
380,6
381,8
382,8
383,11
384,8
385,11
386,14
387,12
388,13
389,10
390,13
391,5
392,5
393,13
394,10
395,6
396,12
397,10
398,11
399,10
400,15
401,9
402,11
403,13
404,12
405,4
406,6
407,11
408,4
409,7
410,7
411,20
412,12
413,3
414,6
415,9
416,27
417,8
418,13
419,10
420,15
421,16
422,6
423,7
424,9
425,8
426,11
427,19
428,10
429,16
430,6
431,5
432,7
433,7
434,15
435,13
436,16
437,15
438,17
439,5
440,7
441,12
442,10
443,12
444,7
445,4
446,12
447,12
448,5
449,9
450,4
451,7
452,4
453,6
454,11
455,8
456,6
457,7
458,7
459,10
460,11
461,5
462,5
463,11
464,8
465,9
466,12
467,10
468,17
469,9
470,10
471,10
472,3
473,4
474,9
475,5
476,5
477,6
478,7
479,7
480,13
481,4
482,7
483,9
484,8
485,4
486,18
487,9
488,13
489,7
490,12
491,10
492,15
493,17
494,8
495,8
496,15
497,11
498,5
499,8
500,4
501,4
502,5
503,10
504,4
505,11
506,8
507,3
508,8
509,8
510,6
511,6
512,6
513,5
514,4
515,13
516,7
517,5
518,5
519,9
520,12
521,8
522,6
523,5
524,5
525,9
526,15
527,10
528,3
529,5
530,8
531,6
532,7
533,18
534,4
535,4
536,5
537,5
538,6
539,6
540,9
541,5
542,10
543,7
544,10
545,10
546,15
547,12
548,6
549,13
550,5
551,8
552,6
553,3
554,12
555,4
556,6
557,10
558,7
559,10
560,12
561,11
562,5
563,8
564,6
565,3
566,5
567,12
568,16
569,10
570,4
571,6
572,10
573,5
574,8
575,6
576,4
577,9
578,11
579,10
580,7
581,3
582,14
583,11
584,12
585,15
586,9
587,13
588,7
589,7
590,7
591,6
592,12
593,7
594,5
595,4
596,4
597,5
598,15
599,9
600,20
601,7
602,8
603,4
604,6
605,19
606,10
607,10
608,8
609,4
610,13
611,10
612,8
613,7
614,9
615,7
616,10
617,8
618,4
619,6
620,4
621,6
622,19
623,12
624,6
625,6
626,13
627,11
628,12
629,6
630,5
631,8
632,9
633,5
634,4
635,8
636,4
637,6
638,5
639,7
640,5
641,3
642,8
643,5
644,7
645,11
646,7
647,20
648,9
649,4
650,5
651,27
652,4
653,3
654,7
655,3
656,8
657,13
658,10
659,10
660,11
661,3
662,6
663,4
664,6
665,8
666,4
667,6
668,14
669,7
670,7
671,4
672,10
673,9
674,10
675,8
676,10
677,14
678,7
679,4
680,10
681,7
682,12
683,11
684,5
685,18
686,6
687,6
688,7
689,4
690,13
691,9
692,7
693,10
694,3
695,5
696,5
697,15
698,4
699,9
700,7
701,13
702,10
703,9
704,6
705,9
706,6
707,12
708,7
709,8
710,3
711,13
712,5
713,8
714,3
715,11
716,13
717,12
718,6
719,4
720,5
721,9
722,12
723,9
724,7
725,7
726,6
727,4
728,6
729,9
730,10
731,8
732,5
733,5
734,5
735,15
736,4
737,6
738,9
739,5
740,6
741,8
742,15
743,3
744,4
745,6
746,7
747,6
748,4
749,3
750,5
751,6
752,9
753,11
754,9
755,7
756,9
757,6
758,7
759,4
760,11
761,6
762,13
763,5
764,6
765,3
766,6
767,12
768,6
769,8
770,9
771,7
772,7
773,6
774,6
775,3
776,6
777,4
778,4
779,11
780,7
781,6
782,11
783,7
784,7
785,8
786,6
787,5
788,6
789,5
790,5
791,4
792,7
793,5
794,4
795,3
796,7
797,3
798,5
799,4
800,5
801,12
802,5
803,7
804,11
805,8
806,6
807,8
808,9
809,7
810,3
811,9
812,5
813,3
814,11
815,15
816,7
817,9
818,11
819,12
820,6
821,6
822,11
823,7
824,10
825,11
826,5
827,7
828,9
829,5
830,3
831,6
832,6
833,9
834,3
835,8
836,9
837,6
838,4
839,8
840,9
841,4
842,8
843,7
844,8
845,7
846,7
847,5
848,7
849,8
850,4
851,4
852,9
853,12
854,6
855,10
856,12
857,7
858,8
859,10
860,6
861,4
862,3
863,7
864,7
865,5
866,5
867,3
868,4
869,4
870,15
871,7
872,6
873,9
874,10
875,5
876,6
877,3
878,4
879,4
880,4
881,5
882,5
883,6
884,3
885,5
886,3
887,15
888,7
889,5
890,5
891,5
892,4
893,6
894,8
895,5
896,10
897,6
898,8
899,6
900,5
901,3
902,3
903,4
904,12
905,8
906,7
907,8
908,5
909,9
910,8
911,4
912,6
913,18
914,4
915,8
916,3
917,13
918,3
919,5
920,5
921,8
922,8
923,10
924,4
925,5
926,4
927,10
928,7
929,4
930,7
931,7
932,7
933,8
934,3
935,6
936,4
937,7
938,6
939,14
940,11
941,6
942,11
943,11
944,8
945,3
946,4
947,5
948,7
949,5
950,9
951,11
952,6
953,7
954,5
955,4
956,4
957,4
958,6
959,12
960,7
961,7
962,3
963,4
964,8
965,8
966,5
967,7
968,5
969,5
970,6
971,3
972,5
973,13
974,7
975,3
976,6
977,9
978,5
979,8
980,5
981,3
982,9
983,6
984,5
985,6
986,8
987,8
988,7
989,4
990,7
991,3
992,9
993,4
994,5
995,3
996,5
997,8
998,6
999,4
1000,6
1001,6
1002,8
1003,7
1004,7
1005,4
1006,8
1007,3
1008,6
1009,8
1010,5
1011,4
1012,5
1013,5
1014,4
1015,4
1016,6
1017,4
1018,6
1019,3
1020,7
1021,5
1022,4
1023,3
1024,7
1025,9
1026,5
1027,6
1028,8
1029,9
1030,7
1031,10
1032,5
1033,7
1034,3
1035,6
1036,7
1037,7
1038,5
1039,3
1040,6
1041,3
1042,10
1043,13
1044,6
1045,5
1046,7
1047,3
1048,5
1049,6
1050,12
1051,7
1052,7
1053,12
1054,7
1055,3
1056,16
1057,8
1058,4
1059,6
1060,4
1061,4
1062,5
1063,7
1064,4
1065,6
1066,11
1067,4
1068,6
1069,5
1070,8
1071,7
1072,10
1073,11
1074,8
1075,11
1076,6
1077,3
1078,9
1079,6
1080,7
1081,5
1082,6
1083,6
1084,7
1085,9
1086,9
1087,5
1088,5
1089,6
1090,5
1091,4
1092,11
1093,3
1094,3
1095,5
1096,4
1097,7
1098,6
1099,4
1100,3
1101,5
1102,3
1103,3
1104,3
1105,3
1106,9
1107,5
1108,7
1109,5
1110,4
1111,4
1112,4
1113,7
1114,3
1115,8
1116,3
1117,5
1118,5
1119,4
1120,9
1121,13
1122,5
1123,7
1124,7
1125,3
1126,4
1127,4
1128,3
1129,7
1130,4
1131,12
1132,3
1133,7
1134,7
1135,3
1136,3
1137,6
1138,4
1139,5
1140,7
1141,4
1142,6
1143,5
1144,6
1145,4
1146,13
1147,11
1148,5
1149,8
1150,5
1151,7
1152,6
1153,4
1154,10
1155,6
1156,4
1157,4
1158,11
1159,10
1160,9
1161,8
1162,7
1163,8
1164,5
1165,9
1166,7
1167,9
1168,5
1169,11
1170,5
1171,8
1172,5
1173,5
1174,4
1175,6
1176,4
1177,9
1178,4
1179,10
1180,9
1181,4
1182,6
1183,4
1184,6
1185,5
1186,5
1187,12
1188,3
1189,8
1190,3
1191,5
1192,8
1193,9
1194,6
1195,5
1196,6
1197,3
1198,5
1199,8
1200,5
1201,3
1202,4
1203,5
1204,6
1205,7
1206,6
1207,4
1208,5
1209,8
1210,6
1211,7
1212,3
1213,3
1214,5
1215,6
1216,8
1217,6
1218,6
1219,3
1220,3
1221,7
1222,7
1223,5
1224,7
1225,5
1226,5
1227,4
1228,4
1229,5
1230,4
1231,5
1232,5
1233,5
1234,7
1235,5
1236,3
1237,7
1238,6
1239,6
1240,6
1241,3
1242,4
1243,7
1244,5
1245,4
1246,9
1247,6
1248,5
1249,7
1250,3
1251,7
1252,4
1253,5
1254,6
1255,5
1256,4
1257,5
1258,3
1259,4
1260,4
1261,7
1262,6
1263,5
1264,4
1265,6
1266,8
1267,5
1268,7
1269,6
1270,6
1271,5
1272,4
1273,5
1274,5
1275,3
1276,3
1277,7
1278,6
1279,3
1280,5
1281,8
1282,6
1283,5
1284,6
1285,7
1286,6
1287,3
1288,8
1289,5
1290,5
1291,6
1292,5
1293,3
1294,5
1295,6
1296,7
1297,5
1298,4
1299,8
1300,4
1301,3
1302,6
1303,3
1304,4
1305,3
1306,6
1307,4
1308,8
1309,3
1310,6
1311,9
1312,5
1313,5
1314,3
1315,3
1316,6
1317,5
1318,3
1319,6
1320,4
1321,4
1322,4
1323,12
1324,5
1325,6
1326,3
1327,7
1328,3
1329,6
1330,4
1331,11
1332,4
1333,6
1334,3
1335,8
1336,4
1337,3
1338,8
1339,4
1340,4
1341,5
1342,5
1343,3
1344,4
1345,6
1346,5
1347,5
1348,7
1349,4
1350,9
1351,8
1352,6
1353,5
1354,5
1355,4
1356,5
1357,3
1358,8
1359,8
1360,6
1361,6
1362,3
1363,4
1364,3
1365,5
1366,6
1367,8
1368,5
1369,3
1370,3
1371,4
1372,6
1373,4
1374,6
1375,5
1376,5
1377,3
1378,3
1379,4
1380,7
1381,7
1382,5
1383,7
1384,7
1385,8
1386,4
1387,3
1388,6
1389,5
1390,3
1391,4
1392,5
1393,6
1394,4
1395,4
1396,8
1397,3
1398,4
1399,9
1400,4
1401,3
1402,6
1403,5
1404,5
1405,7
1406,6
1407,5
1408,4
1409,4
1410,7
1411,4
1412,8
1413,5
1414,4
1415,3
1416,4
1417,5
1418,5
1419,6
1420,6
1421,6
1422,3
1423,5
1424,4
1425,6
1426,5
1427,6
1428,4
1429,3
1430,6
1431,11
1432,5
1433,8
1434,5
1435,6
1436,4
1437,10
1438,5
1439,5
1440,5
1441,10
1442,5
1443,5
1444,3
1445,8
1446,6
1447,5
1448,3
1449,6
1450,6
1451,4
1452,6
1453,6
1454,4
1455,6
1456,4
1457,5
1458,4
1459,4
1460,6
1461,4
1462,3
1463,5
1464,5
1465,3
1466,5
1467,4
1468,4
1469,5
1470,7
1471,4
1472,4
1473,4
1474,4
1475,4
1476,5
1477,9
1478,5
1479,4
1480,5
1481,3
1482,4
1483,4
1484,4
1485,3
1486,6
1487,7
1488,5
1489,6
1490,3
1491,7
1492,6
1493,5
1494,4
1495,3
1496,6
1497,5
1498,5
1499,8
1500,5
1501,4
1502,7
1503,3
1504,3
1505,8
1506,3
1507,3
1508,5
1509,4
1510,6
1511,4
1512,4
1513,5
1514,4
1515,7
1516,5
1517,4
1518,7
1519,6
1520,4
1521,8
1522,3
1523,10
1524,4
1525,4
1526,6
1527,6
1528,5
1529,3
1530,3
1531,5
1532,5
1533,4
1534,5
1535,4
1536,7
1537,3
1538,5
1539,4
1540,3
1541,7
1542,6
1543,5
1544,3
1545,8
1546,3
1547,5
1548,5
1549,4
1550,8
1551,4
1552,3
1553,4
1554,5
1555,3
1556,4
1557,3
1558,4
1559,3
1560,5
1561,5
1562,5
1563,5
1564,3
1565,5
1566,3
1567,3
1568,6
1569,4
1570,5
1571,4
1572,3
1573,4
1574,4
1575,4
1576,5
1577,3
1578,5
1579,3
1580,5
1581,4
1582,5
1583,4
1584,4
1585,6
1586,6
1587,3
1588,3
1589,4
1590,10
1591,5
1592,6
1593,4
1594,9
1595,5
1596,3
1597,6
1598,3
1599,3
1600,7
1601,6
1602,4
1603,3
1604,4
1605,4
1606,7
1607,8
1608,7
1609,5
1610,4
1611,5
1612,4
1613,4
1614,3
1615,4
1616,3
1617,3
1618,3
1619,4
1620,5
1621,5
1622,4
1623,5
1624,4
1625,3
1626,3
1627,6
1628,4
1629,4
1630,7
1631,6
1632,3
1633,5
1634,3
1635,7
1636,5
1637,5
1638,6
1639,4
1640,5
1641,4
1642,5
1643,6
1644,10
1645,3
1646,4
1647,5
1648,9
1649,4
1650,3
1651,6
1652,3
1653,5
1654,5
1655,6
1656,4
1657,5
1658,3
1659,6
1660,4
1661,3
1662,7
1663,5
1664,4
1665,5
1666,5
1667,6
1668,7
1669,7
1670,5
1671,3
1672,6
1673,3
1674,3
1675,4
1676,6
1677,3
1678,3
1679,3
1680,3
1681,3
1682,3
1683,7
1684,4
1685,4
1686,4
1687,9
1688,8
1689,4
1690,6
1691,6
1692,4
1693,6
1694,6
1695,3
1696,3
1697,3
1698,3
1699,6
1700,4
1701,4
1702,8
1703,5
1704,3
1705,4
1706,4
1707,3
1708,4
1709,5
1710,4
1711,6
1712,5
1713,4
1714,6
1715,4
1716,8
1717,3
1718,11
1719,3
1720,5
1721,6
1722,3
1723,5
1724,4
1725,3
1726,4
1727,3
1728,3
1729,3
1730,3
1731,5
1732,6
1733,4
1734,6
1735,3
1736,5
1737,6
1738,3
1739,7
1740,4
1741,8
1742,5
1743,9
1744,4
1745,5
1746,4
1747,5
1748,5
1749,6
1750,5
1751,3
1752,3
1753,3
1754,6
1755,9
1756,4
1757,3
1758,5
1759,3
1760,6
1761,3
1762,5
1763,6
1764,11
1765,6
1766,4
1767,3
1768,3
1769,3
1770,5
1771,5
1772,5
1773,4
1774,3
1775,4
1776,3
1777,4
1778,3
1779,4
1780,6
1781,3
1782,5
1783,3
1784,4
1785,5
1786,3
1787,4
1788,6
1789,3
1790,3
1791,5
1792,10
1793,4
1794,5
1795,5
1796,4
1797,4
1798,4
1799,6
1800,3
1801,4
1802,6
1803,7
1804,4
1805,4
1806,4
1807,4
1808,3
1809,4
1810,6
1811,5
1812,4
1813,4
1814,4
1815,3
1816,3
1817,6
1818,5
1819,3
1820,4
1821,6
1822,4
1823,3
1824,8
1825,4
1826,3
1827,4
1828,8
1829,4
1830,4
1831,6
1832,4
1833,5
1834,3
1835,5
1836,3
1837,5
1838,3
1839,5
1840,6
1841,3
1842,3
1843,5
1844,6
1845,5
1846,3
1847,3
1848,3
1849,4
1850,5
1851,6
1852,4
1853,4
1854,4
1855,6
1856,5
1857,4
1858,6
1859,3
1860,5
1861,6
1862,3
1863,5
1864,4
1865,4
1866,3
1867,4
1868,3
1869,4
1870,3
1871,3
1872,5
1873,5
1874,3
1875,9
1876,5
1877,6
1878,3
1879,3
1880,3
1881,5
1882,5
1883,3
1884,5
1885,5
1886,3
1887,3
1888,5
1889,3
1890,3
1891,5
1892,4
1893,9
1894,3
1895,3
1896,4
1897,6
1898,3
1899,5
1900,3
1901,4
1902,3
1903,4
1904,3
1905,6
1906,4
1907,3
1908,6
1909,3
1910,3
1911,3
1912,5
1913,4
1914,4
1915,6
1916,7
1917,3
1918,4
1919,4
1920,4
1921,3
1922,5
1923,6
1924,3
1925,5
1926,3
1927,3
1928,3
1929,4
1930,3
1931,5
1932,4
1933,4
1934,6
1935,6
1936,3
1937,7
1938,3
1939,3
1940,4
1941,4
1942,4
1943,5
1944,4
1945,3
1946,5
1947,3
1948,4
1949,6
1950,6
1951,6
1952,3
1953,5
1954,3
1955,5
1956,7
1957,5
1958,6
1959,7
1960,4
1961,4
1962,3
1963,5
1964,5
1965,9
1966,6
1967,5
1968,4
1969,8
1970,5
1971,3
1972,3
1973,5
1974,5
1975,4
1976,4
1977,4
1978,5
1979,4
1980,4
1981,4
1982,3
1983,6
1984,8
1985,3
1986,4
1987,7
1988,3
1989,4
1990,3
1991,3
1992,4
1993,3
1994,5
1995,4
1996,3
1997,4
1998,4
1999,3
2000,4
2001,4
2002,4
2003,3
2004,4
2005,3
2006,3
2007,4
2008,5
2009,5
2010,3
2011,3
2012,5
2013,4
2014,3
2015,6
2016,5
2017,6
2018,4
2019,5
2020,3
2021,3
2022,5
2023,3
2024,4
2025,6
2026,5
2027,3
2028,3
2029,3
2030,5
2031,5
2032,3
2033,8
2034,4
2035,5
2036,5
2037,5
2038,4
2039,4
2040,3
2041,3
2042,5
2043,5
2044,3
2045,3
2046,5
2047,4
2048,6
2049,3
2050,4
2051,4
2052,3
2053,3
2054,4
2055,4
2056,6
2057,5
2058,4
2059,3
2060,4
2061,9
2062,8
2063,4
2064,5
2065,3
2066,4
2067,4
2068,3
2069,5
2070,4
2071,3
2072,5
2073,3
2074,4
2075,5
2076,3
2077,5
2078,3
2079,3
2080,5
2081,4
2082,3
2083,4
2084,5
2085,4
2086,3
2087,3
2088,4
2089,3
2090,6
2091,7
2092,4
2093,3
2094,3
2095,4
2096,4
2097,3
2098,3
2099,6
2100,3
2101,8
2102,5
2103,5
2104,3
2105,6
2106,4
2107,5
2108,3
2109,4
2110,8
2111,3
2112,4
2113,7
2114,5
2115,4
2116,3
2117,4
2118,3
2119,6
2120,4
2121,5
2122,4
2123,4
2124,3
2125,3
2126,7
2127,7
2128,5
2129,4
2130,8
2131,3
2132,4
2133,3
2134,4
2135,5
2136,4
2137,6
2138,3
2139,3
2140,4
2141,5
2142,4
2143,4
2144,5
2145,3
2146,5
2147,7
2148,5
2149,3
2150,4
2151,4
2152,6
2153,4
2154,4
2155,3
2156,4
2157,4
2158,5
2159,3
2160,3
2161,4
2162,3
2163,4
2164,3
2165,3
2166,6
2167,4
2168,4
2169,3
2170,4
2171,3
2172,3
2173,4
2174,3
2175,5
2176,4
2177,5
2178,3
2179,3
2180,4
2181,7
2182,3
2183,4
2184,3
2185,4
2186,3
2187,3
2188,5
2189,5
2190,4
2191,4
2192,4
2193,4
2194,3
2195,4
2196,4
2197,3
2198,3
2199,4
2200,7
2201,3
2202,6
2203,3
2204,8
2205,3
2206,5
2207,5
2208,3
2209,6
2210,4
2211,7
2212,3
2213,3
2214,6
2215,7
2216,3
2217,5
2218,3
2219,6
2220,7
2221,3
2222,4
2223,4
2224,3
2225,3
2226,3
2227,3
2228,4
2229,3
2230,3
2231,3
2232,6
2233,3
2234,3
2235,5
2236,3
2237,4
2238,4
2239,3
2240,3
2241,3
2242,3
2243,7
2244,5
2245,3
2246,3
2247,7
2248,4
2249,4
2250,3
2251,6
2252,4
2253,3
2254,3
2255,4
2256,3
2257,4
2258,4
2259,5
2260,4
2261,3
2262,4
2263,6
2264,3
2265,3
2266,5
2267,3
2268,3
2269,4
2270,3
2271,5
2272,4
2273,3
2274,3
2275,4
2276,4
2277,3
2278,3
2279,5
2280,3
2281,3
2282,3
2283,6
2284,3
2285,4
2286,3
2287,3
2288,4
2289,4
2290,3
2291,5
2292,4
2293,4
2294,3
2295,3
2296,3
2297,5
2298,3
2299,3
2300,3
2301,3
2302,4
2303,3
2304,5
2305,3
2306,5
2307,4
2308,3
2309,4
2310,3
2311,3
2312,6
2313,3
2314,4
2315,6
2316,3
2317,5
2318,4
2319,3
2320,6
2321,6
2322,3
2323,4
2324,4
2325,4
2326,3
2327,5
2328,3
2329,4
2330,4
2331,3
2332,4
2333,3
2334,4
2335,3
2336,4
2337,6
2338,3
2339,3
2340,3
2341,5
2342,3
2343,3
2344,4
2345,5
2346,3
2347,5
2348,3
2349,3
2350,3
2351,4
2352,7
2353,3
2354,5
2355,3
2356,3
2357,4
2358,3
2359,3
2360,3
2361,4
2362,3
2363,3
2364,5
2365,4
2366,4
2367,7
2368,4
2369,6
2370,3
2371,4
2372,3
2373,4
2374,3
2375,5
2376,4
2377,4
2378,3
2379,5
2380,5
2381,3
2382,4
2383,7
2384,4
2385,6
2386,3
2387,3
2388,4
2389,4
2390,5
2391,4
2392,4
2393,6
2394,5
2395,3
2396,6
2397,3
2398,3
2399,3
2400,4
2401,4
2402,4
2403,4
2404,3
2405,4
2406,5
2407,5
2408,4
2409,4
2410,4
2411,4
2412,4
2413,4
2414,5
2415,4
2416,3
2417,6
2418,4
2419,4
2420,4
2421,3
2422,4
2423,3
2424,4
2425,4
2426,4
2427,4
2428,3
2429,3
2430,3
2431,3
2432,4
2433,4
2434,5
2435,4
2436,3
2437,3
2438,4
2439,6
2440,3
2441,5
2442,3
2443,6
2444,5
2445,4
2446,3
2447,3
2448,5
2449,5
2450,3
2451,3
2452,3
2453,5
2454,5
2455,5
2456,3
2457,3
2458,4
2459,5
2460,3
2461,6
2462,4
2463,4
2464,3
2465,4
2466,5
2467,3
2468,3
2469,4
2470,4
2471,5
2472,4
2473,4
2474,4
2475,4
2476,4
2477,3
2478,5
2479,5
2480,3
2481,6
2482,3
2483,5
2484,3
2485,6
2486,4
2487,4
2488,3
2489,5
2490,5
2491,4
2492,3
2493,3
2494,4
2495,4
2496,5
2497,4
2498,3
2499,6
2500,3
2501,3
2502,3
2503,5
2504,5
2505,4
2506,4
2507,4
2508,3
2509,4
2510,4
2511,4
2512,5
2513,3
2514,3
2515,4
2516,3
2517,3
2518,3
2519,3
2520,3
2521,5
2522,3
2523,3
2524,3
2525,4
2526,5
2527,3
2528,3
2529,4
2530,5
2531,3
2532,3
2533,4
2534,4
2535,4
2536,5
2537,3
2538,4
2539,4
2540,6
2541,3
2542,3
2543,4
2544,8
2545,5
2546,3
2547,5
2548,5
2549,4
2550,3
2551,3
2552,4
2553,4
2554,5
2555,4
2556,3
2557,6
2558,4
2559,4
2560,4
2561,6
2562,3
2563,3
2564,3
2565,5
2566,3
2567,3
2568,6
2569,3
2570,4
2571,3
2572,3
2573,4
2574,3
2575,3
2576,3
2577,4
2578,3
2579,5
2580,4
2581,3
2582,3
2583,4
2584,3
2585,4
2586,4
2587,3
2588,4
2589,3
2590,3
2591,5
2592,3
2593,3
2594,3
2595,4
2596,3
2597,4
2598,3
2599,4
2600,4
2601,3
2602,8
2603,3
2604,4
2605,3
2606,3
2607,3
2608,5
2609,5
2610,5
2611,3
2612,4
2613,5
2614,4
2615,4
2616,3
2617,4
2618,3
2619,3
2620,3
2621,3
2622,5
2623,4
2624,5
2625,3
2626,3
2627,3
2628,3
2629,3
2630,6
2631,4
2632,3
2633,5
2634,3
2635,4
2636,4
2637,3
2638,3
2639,3
2640,3
2641,3
2642,3
2643,3
2644,3
2645,5
2646,5
2647,5
2648,3
2649,3
2650,3
2651,3
2652,3
2653,3
2654,4
2655,3
2656,8
2657,3
2658,3
2659,3
2660,4
2661,3
2662,9
2663,4
2664,4
2665,3
2666,3
2667,4
2668,4
2669,4
2670,4
2671,4
2672,4
2673,3
2674,3
2675,3
2676,3
2677,3
2678,5
2679,4
2680,4
2681,4
2682,3
2683,3
2684,5
2685,6
2686,3
2687,3
2688,3
2689,3
2690,6
2691,4
2692,3
2693,3
2694,5
2695,3
2696,3
2697,3
2698,3
2699,4
2700,3
2701,5
2702,3
2703,4
2704,4
2705,3
2706,4
2707,3
2708,3
2709,4
2710,4
2711,4
2712,3
2713,3
2714,4
2715,3
2716,5
2717,4
2718,3
2719,3
2720,3
2721,5
2722,3
2723,4
2724,5
2725,3
2726,3
2727,4
2728,4
2729,5
2730,4
2731,3
2732,4
2733,3
2734,3
2735,3
2736,3
2737,3
2738,4
2739,5
2740,3
2741,5
2742,3
2743,4
2744,3
2745,3
2746,4
2747,3
2748,3
2749,3
2750,4
2751,3
2752,3
2753,3
2754,4
2755,8
2756,3
2757,3
2758,3
2759,4
2760,4
2761,5
2762,4
2763,4
2764,3
2765,3
2766,3
2767,3
2768,4
2769,3
2770,3
2771,4
2772,3
2773,3
2774,3
2775,4
2776,3
2777,5
2778,5
2779,4
2780,3
2781,3
2782,3
2783,5
2784,3
2785,6
2786,3
2787,3
2788,3
2789,7
2790,4
2791,3
2792,3
2793,3
2794,3
2795,4
2796,4
2797,3
2798,3
2799,3
2800,3
2801,4
2802,3
2803,3
2804,4
2805,3
2806,5
2807,3
2808,3
2809,3
2810,3
2811,4
2812,3
2813,3
2814,4
2815,3
2816,5
2817,4
2818,3
2819,3
2820,4
2821,3
2822,4
2823,4
2824,4
2825,4
2826,4
2827,4
2828,3
2829,3
2830,4
2831,3
2832,3
2833,4
2834,4
2835,3
2836,3
2837,3
2838,3
2839,6
2840,6
2841,3
2842,4
2843,4
2844,6
2845,3
2846,3
2847,4
2848,3
2849,3
2850,3
2851,3
2852,3
2853,3
2854,3
2855,3
2856,3
2857,3
2858,3
2859,3
2860,3
2861,4
2862,4
2863,4
2864,4
2865,4
2866,4
2867,3
2868,6
2869,3
2870,3
2871,3
2872,3
2873,3
2874,3
2875,3
2876,3
2877,3
2878,3
2879,5
2880,4
2881,4
2882,5
2883,3
2884,3
2885,4
2886,4
2887,4
2888,3
2889,5
2890,4
2891,3
2892,3
2893,3
2894,3
2895,3
2896,3
2897,4
2898,3
2899,5
2900,4
2901,4
2902,3
2903,3
2904,3
2905,5
2906,3
2907,3
2908,3
2909,4
2910,3
2911,3
2912,3
2913,3
2914,3
2915,5
2916,3
2917,4
2918,3
2919,4
2920,3
2921,3
2922,3
2923,4
2924,3
2925,3
2926,3
2927,3
2928,4
2929,3
2930,3
2931,3
2932,3
2933,3
2934,5
2935,3
2936,4
2937,4
2938,3
2939,3
2940,3
2941,3
2942,4
2943,4
2944,3
2945,3
2946,4
2947,5
2948,4
2949,4
2950,3
2951,3
2952,5
2953,4
2954,3
2955,4
2956,6
2957,3
2958,4
2959,4
2960,4
2961,3
2962,6
2963,4
2964,4
2965,3
2966,3
2967,4
2968,4
2969,3
2970,4
2971,4
2972,3
2973,3
2974,3
2975,3
2976,4
2977,3
2978,4
2979,4
2980,4
2981,3
2982,3
2983,4
2984,3
2985,4
2986,3
2987,3
2988,3
2989,3
2990,3
2991,4
2992,3
2993,3
2994,4
2995,3
2996,3
2997,5
2998,3
2999,4
3000,3
3001,3
3002,3
3003,5
3004,3
3005,3
3006,5
3007,3
3008,4
3009,3
3010,4
3011,4
3012,3
3013,3
3014,4
3015,3
3016,3
3017,3
3018,4
3019,3
3020,3
3021,4
3022,3
3023,3
3024,3
3025,3
3026,3
3027,3
3028,4
3029,6
3030,3
3031,3
3032,3
3033,3
3034,3
3035,5
3036,4
3037,3
3038,4
3039,3
3040,3
3041,3
3042,4
3043,3
3044,4
3045,3
3046,4
3047,4
3048,3
3049,3
3050,4
3051,4
3052,3
3053,3
3054,3
3055,3
3056,3
3057,6
3058,5
3059,4
3060,3
3061,4
3062,4
3063,3
3064,3
3065,4
3066,4
3067,3
3068,3
3069,4
3070,3
3071,3
3072,4
3073,4
3074,3
3075,4
3076,3
3077,3
3078,3
3079,4
3080,3
3081,3
3082,3
3083,3
3084,3
3085,3
3086,4
3087,4
3088,3
3089,3
3090,3
3091,3
3092,4
3093,4
3094,3
3095,4
3096,5
3097,3
3098,3
3099,3
3100,3
3101,4
3102,4
3103,5
3104,3
3105,3
3106,4
3107,3
3108,3
3109,4
3110,3
3111,3
3112,3
3113,3
3114,5
3115,3
3116,4
3117,3
3118,3
3119,3
3120,4
3121,4
3122,4
3123,3
3124,3
3125,5
3126,3
3127,3
3128,3
3129,5
3130,4
3131,5
3132,3
3133,4
3134,3
3135,4
3136,4
3137,3
3138,3
3139,3
3140,3
3141,3
3142,3
3143,3
3144,3
3145,4
3146,3
3147,4
3148,4
3149,3
3150,4
3151,4
3152,3
3153,3
3154,3
3155,3
3156,3
3157,3
3158,4
3159,4
3160,4
3161,5
3162,5
3163,3
3164,3
3165,3
3166,3
3167,4
3168,4
3169,4
3170,3
3171,3
3172,3
3173,3
3174,3
3175,3
3176,3
3177,4
3178,4
3179,3
3180,3
3181,3
3182,3
3183,3
3184,3
3185,4
3186,3
3187,5
3188,4
3189,3
3190,4
3191,4
3192,3
3193,4
3194,4
3195,3
3196,4
3197,4
3198,3
3199,4
3200,3
3201,3
3202,3
3203,3
3204,5
3205,3
3206,4
3207,3
3208,3
3209,3
3210,4
3211,3
3212,3
3213,3
3214,5
3215,3
3216,3
3217,3
3218,3
3219,3
3220,3
3221,3
3222,3
3223,3
3224,4
3225,3
3226,3
3227,4
3228,3
3229,3
3230,3
3231,3
3232,4
3233,3
3234,4
3235,3
3236,3
3237,3
3238,4
3239,3
3240,5
3241,4
3242,3
3243,4
3244,3
3245,3
3246,3
3247,4
3248,3
3249,4
3250,3
3251,3
3252,3
3253,3
3254,3
3255,3
3256,4
3257,4
3258,3
3259,3
3260,3
3261,3
3262,4
3263,3
3264,3
3265,3
3266,3
3267,3
3268,4
3269,4
3270,5
3271,4
3272,3
3273,3
3274,3
3275,3
3276,3
3277,3
3278,5
3279,3
3280,4
3281,3
3282,3
3283,4
3284,3
3285,6
3286,3
3287,3
3288,3
3289,4
3290,3
3291,3
3292,3
3293,5
3294,4
3295,3
3296,4
3297,3
3298,3
3299,3
3300,4
3301,3
3302,3
3303,3
3304,4
3305,5
3306,3
3307,3
3308,4
3309,3
3310,4
3311,3
3312,3
3313,3
3314,3
3315,3
3316,3
3317,4
3318,3
3319,5
3320,3
3321,3
3322,4
3323,3
3324,3
3325,3
3326,3
3327,3
3328,3
3329,3
3330,3
3331,3
3332,3
3333,3
3334,3
3335,3
3336,5
3337,3
3338,4
3339,3
3340,3
3341,3
3342,3
3343,4
3344,3
3345,3
3346,3
3347,3
3348,3
3349,4
3350,3
3351,4
3352,4
3353,4
3354,3
3355,5
3356,3
3357,3
3358,3
3359,3
3360,4
3361,3
3362,3
3363,3
3364,3
3365,3
3366,3
3367,3
3368,3
3369,3
3370,4
3371,3
3372,3
3373,3
3374,3
3375,3
3376,3
3377,3
3378,3
3379,3
3380,3
3381,3
3382,5
3383,4
3384,4
3385,3
3386,3
3387,3
3388,3
3389,3
3390,5
3391,4
3392,3
3393,4
3394,3
3395,4
3396,4
3397,4
3398,3
3399,3
3400,4
3401,3
3402,3
3403,4
3404,3
3405,3
3406,3
3407,4
3408,3
3409,3
3410,3
3411,3
3412,4
3413,3
3414,3
3415,5
3416,3
3417,3
3418,4
3419,4
3420,3
3421,4
3422,3
3423,3
3424,3
3425,3
3426,4
3427,3
3428,4
3429,4
3430,4
3431,3
3432,3
3433,4
3434,3
3435,3
3436,3
3437,3
3438,3
3439,3
3440,4
3441,3
3442,3
3443,3
3444,3
3445,3
3446,3
3447,3
3448,3
3449,3
3450,3
3451,4
3452,3
3453,3
3454,3
3455,3
3456,4
3457,3
3458,4
3459,3
3460,4
3461,3
3462,3
3463,3
3464,3
3465,4
3466,4
3467,3
3468,3
3469,3
3470,3
3471,3
3472,4
3473,3
3474,4
3475,3
3476,3
3477,3
3478,3
3479,3
3480,3
3481,3
3482,3
3483,4
3484,3
3485,3
3486,3
3487,3
3488,3
3489,3
3490,3
3491,3
3492,3
3493,3
3494,3
3495,3
3496,3
3497,3
3498,4
3499,5
3500,3
3501,3
3502,3
3503,3
3504,3
3505,3
3506,4
3507,3
3508,6
3509,3
3510,3
3511,3
3512,3
3513,3
3514,3
3515,3
3516,3
3517,3
3518,3
3519,3
3520,3
3521,4
3522,3
3523,3
3524,3
3525,3
3526,4
3527,3
3528,3
3529,3
3530,5
3531,3
3532,3
3533,4
3534,3
3535,3
3536,3
3537,3
3538,3
3539,3
3540,3
3541,4
3542,3
3543,3
3544,3
3545,3
3546,4
3547,3
3548,3
3549,3
3550,4
3551,3
3552,3
3553,3
3554,3
3555,3
3556,3
3557,3
3558,4
3559,3
3560,3
3561,3
3562,3
3563,4
3564,3
3565,3
3566,3
3567,5
3568,3
3569,3
3570,3
3571,3
3572,3
3573,4
3574,4
3575,4
3576,3
3577,3
3578,3
3579,3
3580,3
3581,3
3582,3
3583,3
3584,5
3585,3
3586,3
3587,3
3588,5
3589,3
3590,4
3591,3
3592,3
3593,3
3594,4
3595,3
3596,3
3597,3
3598,3
3599,3
3600,3
3601,3
3602,3
3603,3
3604,4
3605,3
3606,3
3607,5
3608,3
3609,3
3610,3
3611,3
3612,4
3613,3
3614,3
3615,3
3616,3
3617,3
3618,4
3619,5
3620,3
3621,4
3622,3
3623,4
3624,4
3625,3
3626,4
3627,3
3628,3
3629,3
3630,3
3631,3
3632,3
3633,4
3634,3
3635,3
3636,3
3637,3
3638,3
3639,3
3640,3
3641,3
3642,3
3643,3
3644,4
3645,4
3646,3
3647,4
3648,4
3649,3
3650,3
3651,3
3652,3
3653,3
3654,3
3655,4
3656,3
3657,3
3658,3
3659,3
3660,3
3661,3
3662,4
3663,3
3664,3
3665,3
3666,3
3667,3
3668,3
3669,4
3670,3
3671,3
3672,3
3673,3
3674,3
3675,3
3676,3
3677,3
3678,3
3679,3
3680,4
3681,3
3682,3
3683,3
3684,3
3685,3
3686,5
3687,3
3688,3
3689,3
3690,3
3691,3
3692,3
3693,3
3694,3
3695,3
3696,3
3697,3
3698,3
3699,4
3700,3
3701,3
3702,3
3703,3
3704,3
3705,3
3706,3
3707,4
3708,3
3709,3
3710,3
3711,3
3712,3
3713,3
3714,3
3715,3
3716,3
3717,4
3718,3
3719,3
3720,3
3721,3
3722,3
3723,3
3724,3
3725,4
3726,3
3727,4
3728,3
3729,5
3730,3
3731,3
3732,3
3733,3
3734,3
3735,5
3736,3
3737,3
3738,3
3739,3
3740,3
3741,3
3742,4
3743,3
3744,3
3745,3
3746,3
3747,3
3748,3
3749,3
3750,4
3751,3
3752,3
3753,4
3754,3
3755,3
3756,3
3757,3
3758,3
3759,3
3760,4
3761,3
3762,3
3763,3
3764,3
3765,3
3766,3
3767,3
3768,3
3769,3
3770,4
3771,3
3772,3
3773,3
3774,3
3775,3
3776,3
3777,3
3778,3
3779,4
3780,3
3781,3
3782,3
3783,3
3784,3
3785,3
3786,3
3787,4
3788,3
3789,3
3790,3
3791,3
3792,3
3793,3
3794,3
3795,4
3796,3
3797,3
3798,3
3799,3
3800,3
3801,3
3802,3
3803,3
3804,3
3805,3
3806,3
3807,3
3808,4
3809,3
3810,3
3811,3
3812,3
3813,3
3814,3
3815,3
3816,3
3817,3
3818,3
3819,3
3820,3
3821,3
3822,3
3823,3
3824,3
3825,3
3826,3
3827,3
3828,3
3829,4
3830,4
3831,3
3832,3
3833,3
3834,3
3835,3
3836,3
3837,3
3838,3
3839,3
3840,3
3841,4
3842,3
3843,3
3844,3
3845,3
3846,4
3847,3
3848,3
3849,3
3850,3
3851,3
3852,3
3853,3
3854,3
3855,3
3856,3
3857,3
3858,3
3859,3
3860,3
3861,3
3862,3
3863,3
3864,3
3865,3
3866,3
3867,4
3868,3
3869,3
3870,3
3871,3
3872,3
3873,3
3874,3
3875,3
3876,3
3877,3
3878,3
3879,3
3880,3
3881,3
3882,3
3883,4
3884,3
3885,3
3886,3
3887,3
3888,4
3889,3
3890,4
3891,3
3892,3
3893,3
3894,3
3895,3
3896,3
3897,3
3898,3
3899,3
3900,3
3901,3
3902,3
3903,3
3904,3
3905,3
3906,3
3907,3
3908,3
3909,3
3910,3
3911,3
3912,3
3913,4
3914,3
3915,3
3916,3
3917,3
3918,3
3919,3
3920,3
3921,3
3922,3
3923,3
3924,4
3925,3
3926,3
3927,3
3928,3
3929,3
3930,3
3931,3
3932,3
3933,5
3934,3
3935,3
3936,3
3937,3
3938,3
3939,3
3940,3
3941,3
3942,3
3943,3
3944,3
3945,3
3946,3
3947,3
3948,3
3949,3
3950,3
3951,3
3952,3
3953,3
3954,3
3955,3
3956,3
3957,3
3958,3
3959,4
3960,3
3961,3
3962,3
3963,3
3964,3
3965,3
3966,3
3967,3
3968,3
3969,3
3970,3
3971,3
3972,3
3973,3
3974,3
3975,3
3976,3
3977,3
3978,4
3979,3
3980,3
3981,3
3982,3
3983,3
3984,3
3985,4
3986,3
3987,3
3988,4
3989,3
3990,3
3991,4
3992,3
3993,3
3994,3
3995,3
3996,3
3997,3
3998,4
3999,3
4000,3
4001,3
4002,3
4003,3
4004,3
4005,3
4006,3
4007,3
4008,3
4009,3
4010,3
4011,3
4012,3
4013,3
4014,3
4015,3
4016,3
4017,3
4018,3
4019,3
4020,3
4021,3
4022,3
4023,3
4024,4
4025,3
4026,4
4027,3
4028,3
4029,3
4030,3
4031,3
4032,3
4033,3
4034,3
4035,3
4036,3
4037,3
4038,3
4039,3
4040,3
4041,3
4042,3
4043,3
4044,3
4045,3
4046,3
4047,3
4048,3
4049,3
4050,3
4051,3
4052,3
4053,3
4054,3
4055,3
4056,3
4057,3
4058,3
4059,3
4060,3
4061,3
4062,3
4063,3
4064,3
4065,3
4066,3
4067,3
4068,3
4069,3
4070,3
4071,3
4072,3
4073,3
4074,3
4075,3
4076,3
4077,3
4078,3
4079,3
4080,3
4081,3
4082,3
4083,3
4084,3
4085,3
4086,3
4087,3
4088,3
4089,3
4090,3
4091,3
4092,3
4093,3
4094,3
4095,3
4096,3
4097,3
4098,3
4099,3
4100,3
4101,3
4102,3
4103,3
4104,3
4105,3
4106,3
4107,3
4108,3
4109,3
4110,3
4111,3
4112,3
4113,3
4114,3
4115,3
4116,3
4117,3
4118,3
4119,3
4120,3
4121,3
4122,3
4123,3
4124,3
4125,3
4126,3
4127,3
4128,3
4129,3
4130,3
4131,3
4132,3
4133,3
4134,3
4135,3
4136,3
4137,3
4138,3
4139,3
4140,3
4141,3
4142,3
4143,3
4144,3
4145,3
4146,3
4147,3
4148,3
4149,3
4150,3
4151,3
4152,3
4153,3
4154,3
4155,3
4156,3
4157,3
